datex,userx,time_in
2015-02-17 00:00:00.000,SUPERVISOR,1899-12-30 13:52:25.000
2015-02-17 00:00:00.000,SUPERVISOR,1899-12-30 13:52:25.000
2015-02-18 00:00:00.000,supervisor,1899-12-30 13:45:12.000
2015-02-18 00:00:00.000,supervisor,1899-12-30 13:45:12.000
2015-02-18 00:00:00.000,SUPERVISOR,1899-12-30 14:12:12.000
2015-02-18 00:00:00.000,SUPERVISOR,1899-12-30 14:12:12.000
2015-02-18 00:00:00.000,supervisor,1899-12-30 14:40:45.000
2015-02-19 00:00:00.000,SUPERVISOR,1899-12-30 13:52:26.000
2015-02-19 00:00:00.000,SUPERVISOR,1899-12-30 13:52:26.000
2015-02-19 00:00:00.000,SUPERVISOR,1899-12-30 13:58:25.000
2015-02-19 00:00:00.000,SUPERVISOR,1899-12-30 13:58:25.000
2015-02-21 00:00:00.000,supervisor,1899-12-30 08:32:40.000
2015-02-21 00:00:00.000,SUPERVISOR,1899-12-30 16:02:35.000
2015-02-21 00:00:00.000,SUPERVISOR,1899-12-30 16:02:35.000
2015-02-22 00:00:00.000,supervisor,1899-12-30 05:46:10.000
2015-02-22 00:00:00.000,supervisor,1899-12-30 05:46:10.000
2015-02-22 00:00:00.000,supervisor,1899-12-30 14:48:45.000
2015-02-22 00:00:00.000,supervisor,1899-12-30 14:48:45.000
2015-02-23 00:00:00.000,supervisor,1899-12-30 08:34:34.000
2015-02-23 00:00:00.000,supervisor,1899-12-30 08:34:34.000
2015-02-23 00:00:00.000,SUPERVISOR,1899-12-30 10:06:58.000
2015-02-23 00:00:00.000,SUPERVISOR,1899-12-30 10:06:58.000
2015-02-25 00:00:00.000,supervisor,1899-12-30 08:53:55.000
2015-02-25 00:00:00.000,supervisor,1899-12-30 08:53:55.000
2015-02-26 00:00:00.000,supervisor,1899-12-30 10:28:18.000
2015-02-26 00:00:00.000,supervisor,1899-12-30 10:28:18.000
2015-02-26 00:00:00.000,supervisor,1899-12-30 16:10:23.000
2015-02-26 00:00:00.000,supervisor,1899-12-30 16:10:23.000
2015-02-27 00:00:00.000,SUPERVISOR,1899-12-30 09:00:56.000
2015-02-27 00:00:00.000,SUPERVISOR,1899-12-30 09:00:56.000
2015-01-29 00:00:00.000,SUPERVISOR,1899-12-30 16:40:31.000
2015-01-29 00:00:00.000,SUPERVISOR,1899-12-30 16:40:31.000
2015-01-29 00:00:00.000,SUPERVISOR,1899-12-30 17:17:12.000
2015-01-29 00:00:00.000,SUPERVISOR,1899-12-30 17:17:12.000
2015-03-02 00:00:00.000,supervisor,1899-12-30 17:23:21.000
2015-03-02 00:00:00.000,supervisor,1899-12-30 17:23:21.000
2015-03-03 00:00:00.000,supervisor,1899-12-30 08:28:17.000
2015-03-03 00:00:00.000,supervisor,1899-12-30 08:28:17.000
2015-03-03 00:00:00.000,superVISOR,1899-12-30 10:30:41.000
2015-03-03 00:00:00.000,superVISOR,1899-12-30 10:30:41.000
2015-03-04 00:00:00.000,supervisor,1899-12-30 14:06:36.000
2015-03-04 00:00:00.000,supervisor,1899-12-30 14:06:36.000
2015-03-05 00:00:00.000,supervisor,1899-12-30 08:20:51.000
2015-03-05 00:00:00.000,supervisor,1899-12-30 08:20:51.000
2015-03-06 00:00:00.000,SUPERVISOR,1899-12-30 09:36:25.000
2015-03-06 00:00:00.000,SUPERVISOR,1899-12-30 09:36:25.000
2015-03-08 00:00:00.000,supervisor,1899-12-30 15:13:48.000
2015-03-08 00:00:00.000,supervisor,1899-12-30 15:13:48.000
2015-03-09 00:00:00.000,SUPERVISOR,1899-12-30 08:11:42.000
2015-03-09 00:00:00.000,SUPERVISOR,1899-12-30 08:11:42.000
2015-03-09 00:00:00.000,supervisor,1899-12-30 11:42:53.000
2015-03-09 00:00:00.000,supervisor,1899-12-30 11:42:53.000
2015-03-11 00:00:00.000,SUPERVISOR,1899-12-30 21:11:11.000
2015-03-11 00:00:00.000,SUPERVISOR,1899-12-30 21:15:28.000
2015-03-11 00:00:00.000,SUPERVISOR,1899-12-30 21:15:28.000
2015-03-11 00:00:00.000,SUPERVISOR,1899-12-30 21:31:29.000
2015-03-11 00:00:00.000,SUPERVISOR,1899-12-30 21:31:29.000
2015-03-11 00:00:00.000,SUPERVISOR,1899-12-30 21:55:34.000
2015-03-11 00:00:00.000,SUPERVISOR,1899-12-30 21:55:34.000
2015-03-12 00:00:00.000,SUPERVISOR,1899-12-30 09:24:26.000
2015-03-12 00:00:00.000,supervisor,1899-12-30 15:39:09.000
2015-03-12 00:00:00.000,supervisor,1899-12-30 15:48:48.000
2015-03-12 00:00:00.000,supervisor,1899-12-30 15:48:48.000
2015-03-15 00:00:00.000,supervisor,1899-12-30 05:48:36.000
2015-03-15 00:00:00.000,supervisor,1899-12-30 05:48:36.000
2015-04-16 00:00:00.000,supervisor,1899-12-30 09:52:16.000
2015-04-16 00:00:00.000,supervisor,1899-12-30 09:58:02.000
2015-04-16 00:00:00.000,supervisor,1899-12-30 09:58:02.000
2015-04-20 00:00:00.000,supervisor,1899-12-30 08:36:15.000
2015-04-20 00:00:00.000,supervisor,1899-12-30 08:36:15.000
2015-04-20 00:00:00.000,supervisor,1899-12-30 08:51:18.000
2015-04-20 00:00:00.000,supervisor,1899-12-30 08:51:18.000
2015-05-04 00:00:00.000,supervisor,1899-12-30 11:47:53.000
2015-05-04 00:00:00.000,SUPERVISOR,1899-12-30 13:01:49.000
2015-05-04 00:00:00.000,SUPERVISOR,1899-12-30 13:10:15.000
2015-05-04 00:00:00.000,SUPERVISOR,1899-12-30 13:13:09.000
2015-05-04 00:00:00.000,SUPERVISOR,1899-12-30 14:45:45.000
2015-05-04 00:00:00.000,supervisor,1899-12-30 15:39:11.000
2015-05-04 00:00:00.000,supervisor,1899-12-30 15:43:04.000
2015-05-08 00:00:00.000,SUPERVISOR,1899-12-30 13:02:42.000
2015-05-08 00:00:00.000,SUPERVISOR,1899-12-30 13:02:42.000
2015-05-08 00:00:00.000,SUPERVISOR,1899-12-30 13:07:52.000
2015-05-08 00:00:00.000,SUPERVISOR,1899-12-30 16:22:22.000
2015-05-09 00:00:00.000,SUPERVISOR,1899-12-30 11:55:46.000
2015-05-09 00:00:00.000,SUPERVISOR,1899-12-30 11:55:46.000
2015-05-09 00:00:00.000,SUPERVISOR,1899-12-30 12:42:44.000
2015-05-09 00:00:00.000,SUPERVISOR,1899-12-30 12:49:40.000
2015-05-09 00:00:00.000,SUPERVISOR,1899-12-30 12:54:42.000
2015-05-09 00:00:00.000,SUPERVISOR,1899-12-30 14:12:51.000
2015-05-09 00:00:00.000,SUPERVISOR,1899-12-30 14:12:51.000
2015-05-11 00:00:00.000,supervisor,1899-12-30 08:08:49.000
2015-05-11 00:00:00.000,supervisor,1899-12-30 08:08:49.000
2015-05-11 00:00:00.000,supervisor,1899-12-30 08:13:38.000
2015-05-13 00:00:00.000,supervisor,1899-12-30 14:25:12.000
2015-05-13 00:00:00.000,supervisor,1899-12-30 14:25:12.000
2015-05-13 00:00:00.000,supervisor,1899-12-30 14:47:14.000
2015-05-13 00:00:00.000,supervisor,1899-12-30 14:59:24.000
2015-05-13 00:00:00.000,supervisor,1899-12-30 15:07:51.000
2015-05-13 00:00:00.000,supervisor,1899-12-30 15:07:51.000
2015-05-15 00:00:00.000,supervisor,1899-12-30 12:49:04.000
2015-05-15 00:00:00.000,supervisor,1899-12-30 12:49:04.000
2015-05-15 00:00:00.000,supervisor,1899-12-30 12:56:07.000
2015-05-26 00:00:00.000,supervisor,1899-12-30 12:14:26.000
2015-05-26 00:00:00.000,supervisor,1899-12-30 12:14:26.000
2015-05-26 00:00:00.000,supervisor,1899-12-30 12:26:42.000
2015-05-26 00:00:00.000,supervisor,1899-12-30 12:26:42.000
2015-05-26 00:00:00.000,supervisor,1899-12-30 12:40:51.000
2015-05-26 00:00:00.000,SUPERVISOR,1899-12-30 13:03:19.000
2015-05-26 00:00:00.000,SUPERVISOR,1899-12-30 13:12:02.000
2015-05-26 00:00:00.000,SUPERVISOR,1899-12-30 13:15:01.000
2015-05-26 00:00:00.000,SUPERVISOR,1899-12-30 13:15:01.000
2015-05-26 00:00:00.000,supervisor,1899-12-30 13:58:15.000
2015-05-26 00:00:00.000,supervisor,1899-12-30 13:58:15.000
2015-05-26 00:00:00.000,supervisor,1899-12-30 14:03:21.000
2015-05-26 00:00:00.000,supervisor,1899-12-30 14:03:21.000
2015-05-26 00:00:00.000,supervisor,1899-12-30 14:06:23.000
2015-05-26 00:00:00.000,supervisor,1899-12-30 14:06:23.000
2015-05-26 00:00:00.000,supervisor,1899-12-30 14:12:03.000
2015-05-26 00:00:00.000,supervisor,1899-12-30 14:24:01.000
2015-05-26 00:00:00.000,supervisor,1899-12-30 14:24:01.000
2015-05-26 00:00:00.000,supervisor,1899-12-30 13:56:47.000
2015-05-26 00:00:00.000,supervisor,1899-12-30 13:56:47.000
2015-05-26 00:00:00.000,Mannyben,1899-12-30 14:07:21.000
2015-05-26 00:00:00.000,Mannyben,1899-12-30 14:07:21.000
2015-05-26 00:00:00.000,mannyben,1899-12-30 14:08:12.000
2015-05-26 00:00:00.000,mannyben,1899-12-30 14:08:12.000
2015-05-26 00:00:00.000,supervisor,1899-12-30 15:58:17.000
2015-05-26 00:00:00.000,supervisor,1899-12-30 17:05:38.000
2015-06-10 00:00:00.000,supervisor,1899-12-30 15:23:10.000
2015-06-10 00:00:00.000,supervisor,1899-12-30 15:37:33.000
2015-06-10 00:00:00.000,supervisor,1899-12-30 15:37:33.000
2015-07-03 00:00:00.000,supervisor,1899-12-30 17:29:01.000
2015-07-03 00:00:00.000,supervisor,1899-12-30 17:29:01.000
2015-09-10 00:00:00.000,supervisor,1899-12-30 16:14:17.000
2015-09-10 00:00:00.000,supervisor,1899-12-30 16:14:17.000
2015-09-28 00:00:00.000,mannyben,1899-12-30 13:36:59.000
2015-09-28 00:00:00.000,mannyben,1899-12-30 13:41:01.000
2015-09-28 00:00:00.000,mannyben,1899-12-30 13:41:01.000
2015-09-28 00:00:00.000,mannyben,1899-12-30 13:41:29.000
2015-09-28 00:00:00.000,mannyben,1899-12-30 13:41:29.000
2015-09-28 00:00:00.000,supervisor,1899-12-30 14:15:00.000
2015-09-28 00:00:00.000,supervisor,1899-12-30 14:15:00.000
2015-09-28 00:00:00.000,DATAENTRY,1899-12-30 14:23:59.000
2015-09-28 00:00:00.000,DATAENTRY,1899-12-30 14:23:59.000
2015-09-28 00:00:00.000,SUPERVISOR,1899-12-30 14:25:25.000
2015-09-28 00:00:00.000,SUPERVISOR,1899-12-30 14:25:25.000
2015-09-28 00:00:00.000,dataentry,1899-12-30 14:41:53.000
2015-09-28 00:00:00.000,dataentry,1899-12-30 14:41:53.000
2015-09-28 00:00:00.000,supervisor,1899-12-30 14:42:33.000
2015-09-28 00:00:00.000,supervisor,1899-12-30 14:42:33.000
2015-09-28 00:00:00.000,dataentry,1899-12-30 14:44:34.000
2015-09-28 00:00:00.000,dataentry,1899-12-30 14:44:34.000
2015-09-28 00:00:00.000,SUPERVISOR,1899-12-30 14:47:36.000
2015-09-28 00:00:00.000,SUPERVISOR,1899-12-30 14:47:36.000
2015-09-28 00:00:00.000,DATAENTRY,1899-12-30 14:50:25.000
2015-09-28 00:00:00.000,DATAENTRY,1899-12-30 14:50:25.000
2015-09-28 00:00:00.000,DATAENTRY,1899-12-30 14:58:24.000
2015-09-28 00:00:00.000,DATAENTRY,1899-12-30 14:58:24.000
2015-09-28 00:00:00.000,DATAENTRY,1899-12-30 16:34:50.000
2015-09-28 00:00:00.000,DATAENTRY,1899-12-30 16:34:50.000
2015-09-28 00:00:00.000,DATAENTRY,1899-12-30 16:54:59.000
2015-09-28 00:00:00.000,DATAENTRY,1899-12-30 16:55:47.000
2015-09-28 00:00:00.000,SUPERVISOR,1899-12-30 17:02:43.000
2015-09-28 00:00:00.000,DATAENTRY,1899-12-30 17:09:05.000
2015-09-28 00:00:00.000,mannyben,1899-12-30 13:36:59.000
2015-09-28 00:00:00.000,DATAENTRY,1899-12-30 17:09:05.000
2015-09-28 00:00:00.000,dataentry,1899-12-30 17:36:36.000
2015-09-28 00:00:00.000,dataentry,1899-12-30 17:36:36.000
2015-09-28 00:00:00.000,dataentry,1899-12-30 18:02:21.000
2015-09-28 00:00:00.000,dataentry,1899-12-30 18:02:21.000
2015-09-28 00:00:00.000,supervisor,1899-12-30 18:05:56.000
2015-09-28 00:00:00.000,supervisor,1899-12-30 18:05:56.000
2015-09-28 00:00:00.000,supervisor,1899-12-30 18:15:41.000
2015-09-28 00:00:00.000,supervisor,1899-12-30 18:15:41.000
2015-09-28 00:00:00.000,supervisor,1899-12-30 18:33:11.000
2015-09-28 00:00:00.000,supervisor,1899-12-30 18:33:11.000
2015-09-28 00:00:00.000,DATAENTRY,1899-12-30 18:37:46.000
2015-10-08 00:00:00.000,dataentry,1899-12-30 13:03:41.000
2015-10-08 00:00:00.000,supervisor,1899-12-30 13:25:37.000
2015-10-08 00:00:00.000,supervisor,1899-12-30 13:25:37.000
2015-10-08 00:00:00.000,dataentry,1899-12-30 13:34:26.000
2015-10-08 00:00:00.000,dataentry,1899-12-30 14:02:08.000
2015-10-08 00:00:00.000,dataentry,1899-12-30 14:02:08.000
2015-10-08 00:00:00.000,supervisor,1899-12-30 15:50:22.000
2015-10-08 00:00:00.000,supervisor,1899-12-30 15:50:22.000
2015-10-08 00:00:00.000,supervisor,1899-12-30 16:17:31.000
2015-10-08 00:00:00.000,supervisor,1899-12-30 16:27:18.000
2015-10-08 00:00:00.000,supervisor,1899-12-30 16:27:18.000
2015-10-08 00:00:00.000,dataentry,1899-12-30 16:31:08.000
2015-10-08 00:00:00.000,dataentry,1899-12-30 16:31:08.000
2015-10-08 00:00:00.000,supervisor,1899-12-30 16:33:20.000
2015-10-08 00:00:00.000,supervisor,1899-12-30 16:33:20.000
2015-10-08 00:00:00.000,dataentry,1899-12-30 16:36:36.000
2015-10-13 00:00:00.000,dataentry,1899-12-30 03:43:04.000
2015-10-13 00:00:00.000,dataentry,1899-12-30 03:43:04.000
2015-10-13 00:00:00.000,supervisor,1899-12-30 03:43:36.000
2015-10-13 00:00:00.000,supervisor,1899-12-30 04:09:07.000
2015-10-13 00:00:00.000,supervisor,1899-12-30 04:09:07.000
2015-10-13 00:00:00.000,dataentry,1899-12-30 05:25:32.000
2015-10-13 00:00:00.000,dataentry,1899-12-30 05:25:32.000
2015-10-13 00:00:00.000,dataentry,1899-12-30 05:30:22.000
2015-10-13 00:00:00.000,dataentry,1899-12-30 05:30:22.000
2015-10-13 00:00:00.000,supervisor,1899-12-30 05:32:50.000
2015-10-13 00:00:00.000,dataentry,1899-12-30 05:33:57.000
2015-10-13 00:00:00.000,dataentry,1899-12-30 05:35:11.000
2015-10-14 00:00:00.000,dataentry,1899-12-30 12:38:05.000
2015-10-14 00:00:00.000,dataentry,1899-12-30 12:38:05.000
2015-10-14 00:00:00.000,supervisor,1899-12-30 11:59:22.000
2015-10-14 00:00:00.000,supervisor,1899-12-30 12:00:45.000
2015-10-14 00:00:00.000,supervisor,1899-12-30 12:00:45.000
2015-10-14 00:00:00.000,dataentry,1899-12-30 12:07:29.000
2015-10-14 00:00:00.000,dataentry,1899-12-30 12:07:29.000
2015-10-14 00:00:00.000,supervisor,1899-12-30 12:09:34.000
2015-10-14 00:00:00.000,supervisor,1899-12-30 12:10:19.000
2015-10-14 00:00:00.000,supervisor,1899-12-30 12:11:09.000
2015-10-14 00:00:00.000,supervisor,1899-12-30 12:11:09.000
2015-10-14 00:00:00.000,dataentry,1899-12-30 12:16:05.000
2015-10-14 00:00:00.000,dataentry,1899-12-30 12:16:05.000
2015-10-14 00:00:00.000,dataentry,1899-12-30 12:51:10.000
2015-10-15 00:00:00.000,dataentry,1899-12-30 15:55:13.000
2015-10-15 00:00:00.000,dataentry,1899-12-30 15:55:13.000
2015-10-15 00:00:00.000,supervisor,1899-12-30 15:58:30.000
2015-10-15 00:00:00.000,dataentry,1899-12-30 16:06:33.000
2015-10-19 00:00:00.000,dataentry,1899-12-30 15:03:49.000
2015-10-19 00:00:00.000,dataentry,1899-12-30 15:49:59.000
2015-10-19 00:00:00.000,dataentry,1899-12-30 15:58:13.000
2015-10-19 00:00:00.000,dataentry,1899-12-30 05:13:20.000
2015-10-22 00:00:00.000,dataentry,1899-12-30 23:30:28.000
2015-10-23 00:00:00.000,dataentry,1899-12-30 02:12:42.000
2015-10-23 00:00:00.000,dataentry,1899-12-30 03:58:31.000
2015-10-23 00:00:00.000,dataentry,1899-12-30 03:58:31.000
2015-10-23 00:00:00.000,supervisor,1899-12-30 04:09:22.000
2015-10-23 00:00:00.000,supervisor,1899-12-30 04:09:22.000
2015-10-23 00:00:00.000,dataentry,1899-12-30 04:12:08.000
2015-10-23 00:00:00.000,dataentry,1899-12-30 04:12:08.000
2015-10-23 00:00:00.000,supervisor,1899-12-30 04:13:10.000
2015-10-23 00:00:00.000,supervisor,1899-12-30 04:13:10.000
2015-10-23 00:00:00.000,dataentry,1899-12-30 04:17:34.000
2015-10-23 00:00:00.000,dataentry,1899-12-30 04:17:34.000
2015-10-23 00:00:00.000,supervisor,1899-12-30 05:20:46.000
2015-10-23 00:00:00.000,supervisor,1899-12-30 05:22:16.000
2015-10-23 00:00:00.000,supervisor,1899-12-30 05:22:16.000
2015-10-30 00:00:00.000,dataentry,1899-12-30 10:58:40.000
2015-10-30 00:00:00.000,dataentry,1899-12-30 10:58:40.000
2015-10-30 00:00:00.000,dataentry,1899-12-30 14:37:43.000
2015-10-30 00:00:00.000,dataentry,1899-12-30 14:37:43.000
2015-10-30 00:00:00.000,supervisor,1899-12-30 14:45:32.000
2015-10-30 00:00:00.000,dataentry,1899-12-30 15:37:02.000
2015-10-30 00:00:00.000,dataentry,1899-12-30 15:37:02.000
2015-11-03 00:00:00.000,dataentry,1899-12-30 10:53:02.000
2015-11-03 00:00:00.000,dataentry,1899-12-30 10:53:02.000
2015-11-03 00:00:00.000,supervisor,1899-12-30 10:55:02.000
2015-11-03 00:00:00.000,supervisor,1899-12-30 10:55:02.000
2015-11-03 00:00:00.000,dataentry,1899-12-30 10:56:28.000
2015-11-03 00:00:00.000,dataentry,1899-12-30 10:56:28.000
2015-11-03 00:00:00.000,supervisor,1899-12-30 11:07:47.000
2015-11-03 00:00:00.000,supervisor,1899-12-30 11:10:03.000
2015-11-03 00:00:00.000,supervisor,1899-12-30 11:10:03.000
2015-11-03 00:00:00.000,dataentry,1899-12-30 11:17:07.000
2015-11-03 00:00:00.000,dataentry,1899-12-30 12:36:17.000
2015-11-03 00:00:00.000,dataentry,1899-12-30 12:36:17.000
2015-11-03 00:00:00.000,supervisor,1899-12-30 15:42:38.000
2015-11-03 00:00:00.000,dataentry,1899-12-30 15:59:23.000
2015-11-03 00:00:00.000,dataentry,1899-12-30 15:59:23.000
2015-11-03 00:00:00.000,SUPERVISOR,1899-12-30 16:08:27.000
2015-11-03 00:00:00.000,supervisor,1899-12-30 16:14:50.000
2015-11-03 00:00:00.000,supervisor,1899-12-30 16:14:50.000
2015-11-03 00:00:00.000,dataentry,1899-12-30 16:18:30.000
2015-11-04 00:00:00.000,dataentry,1899-12-30 10:11:30.000
2015-11-04 00:00:00.000,dataentry,1899-12-30 10:11:30.000
2015-11-04 00:00:00.000,supervisor,1899-12-30 10:38:12.000
2015-11-04 00:00:00.000,supervisor,1899-12-30 10:38:12.000
2015-11-04 00:00:00.000,dataentry,1899-12-30 10:58:56.000
2015-11-04 00:00:00.000,dataentry,1899-12-30 10:58:56.000
2015-11-04 00:00:00.000,supervisor,1899-12-30 11:01:29.000
2015-11-04 00:00:00.000,supervisor,1899-12-30 11:01:29.000
2015-11-04 00:00:00.000,dataentry,1899-12-30 11:02:41.000
2015-11-04 00:00:00.000,dataentry,1899-12-30 11:02:41.000
2015-11-04 00:00:00.000,supervisor,1899-12-30 11:05:06.000
2015-11-04 00:00:00.000,supervisor,1899-12-30 11:06:25.000
2015-11-04 00:00:00.000,supervisor,1899-12-30 11:06:25.000
2015-11-04 00:00:00.000,dataentry,1899-12-30 11:09:38.000
2015-11-04 00:00:00.000,dataentry,1899-12-30 12:47:53.000
2015-11-04 00:00:00.000,dataentry,1899-12-30 12:55:34.000
2015-11-04 00:00:00.000,dataentry,1899-12-30 12:55:34.000
2015-11-04 00:00:00.000,supervisor,1899-12-30 13:58:31.000
2015-11-04 00:00:00.000,supervisor,1899-12-30 13:58:31.000
2015-11-04 00:00:00.000,dataentry,1899-12-30 13:59:22.000
2015-11-04 00:00:00.000,dataentry,1899-12-30 13:59:22.000
2015-11-04 00:00:00.000,supervisor,1899-12-30 14:01:46.000
2015-11-04 00:00:00.000,supervisor,1899-12-30 14:01:46.000
2015-11-04 00:00:00.000,dataentry,1899-12-30 14:14:24.000
2015-11-04 00:00:00.000,dataentry,1899-12-30 14:14:24.000
2015-11-04 00:00:00.000,supervisor,1899-12-30 14:22:20.000
2015-11-04 00:00:00.000,supervisor,1899-12-30 14:22:20.000
2015-11-04 00:00:00.000,supervisor,1899-12-30 14:23:18.000
2015-11-04 00:00:00.000,supervisor,1899-12-30 14:23:18.000
2015-11-04 00:00:00.000,dataentry,1899-12-30 14:23:48.000
2015-11-04 00:00:00.000,dataentry,1899-12-30 14:23:48.000
2015-11-04 00:00:00.000,supervisor,1899-12-30 14:47:59.000
2015-11-04 00:00:00.000,supervisor,1899-12-30 14:47:59.000
2015-11-04 00:00:00.000,supervisor,1899-12-30 14:50:47.000
2015-11-04 00:00:00.000,supervisor,1899-12-30 14:50:47.000
2015-11-04 00:00:00.000,supervisor,1899-12-30 15:00:09.000
2015-11-04 00:00:00.000,supervisor,1899-12-30 15:00:09.000
2015-11-04 00:00:00.000,dataentry,1899-12-30 15:07:22.000
2015-11-04 00:00:00.000,dataentry,1899-12-30 15:07:22.000
2015-11-06 00:00:00.000,dataentry,1899-12-30 12:46:47.000
2015-11-06 00:00:00.000,dataentry,1899-12-30 12:46:47.000
2015-11-06 00:00:00.000,supervisor,1899-12-30 12:49:46.000
2015-11-06 00:00:00.000,supervisor,1899-12-30 12:49:46.000
2015-11-06 00:00:00.000,supervisor,1899-12-30 12:53:33.000
2015-11-06 00:00:00.000,supervisor,1899-12-30 12:53:33.000
2015-11-06 00:00:00.000,dataentry,1899-12-30 12:58:21.000
2015-11-06 00:00:00.000,dataentry,1899-12-30 12:58:21.000
2015-11-06 00:00:00.000,supervisor,1899-12-30 13:00:39.000
2015-11-06 00:00:00.000,supervisor,1899-12-30 13:00:39.000
2015-11-06 00:00:00.000,dataentry,1899-12-30 13:06:16.000
2015-11-06 00:00:00.000,dataentry,1899-12-30 13:06:16.000
2015-11-06 00:00:00.000,supervisor,1899-12-30 13:20:56.000
2015-11-06 00:00:00.000,supervisor,1899-12-30 13:32:43.000
2015-11-06 00:00:00.000,supervisor,1899-12-30 13:37:18.000
2015-11-06 00:00:00.000,supervisor,1899-12-30 13:44:45.000
2015-11-06 00:00:00.000,supervisor,1899-12-30 13:47:34.000
2015-11-06 00:00:00.000,supervisor,1899-12-30 13:50:25.000
2015-11-06 00:00:00.000,supervisor,1899-12-30 14:40:48.000
2015-11-06 00:00:00.000,supervisor,1899-12-30 15:15:17.000
2015-11-06 00:00:00.000,supervisor,1899-12-30 15:15:17.000
2015-11-06 00:00:00.000,dataentry,1899-12-30 15:21:22.000
2015-11-06 00:00:00.000,dataentry,1899-12-30 15:21:22.000
2015-11-06 00:00:00.000,dataentry,1899-12-30 15:26:55.000
2015-11-06 00:00:00.000,dataentry,1899-12-30 15:36:07.000
2015-11-06 00:00:00.000,dataentry,1899-12-30 15:36:07.000
2015-11-06 00:00:00.000,DATAENTRY,1899-12-30 15:42:17.000
2015-11-06 00:00:00.000,DATAENTRY,1899-12-30 15:42:17.000
2015-11-06 00:00:00.000,DATAENTRY,1899-12-30 16:03:25.000
2015-11-06 00:00:00.000,DATAENTRY,1899-12-30 16:03:25.000
2015-11-06 00:00:00.000,DATAENTRY,1899-12-30 16:04:20.000
2015-11-06 00:00:00.000,DATAENTRY,1899-12-30 16:04:20.000
2015-11-06 00:00:00.000,dataentry,1899-12-30 16:16:24.000
2015-11-06 00:00:00.000,dataentry,1899-12-30 16:20:06.000
2015-11-06 00:00:00.000,dataentry,1899-12-30 16:28:13.000
2015-11-09 00:00:00.000,dataentry,1899-12-30 15:03:44.000
2015-11-09 00:00:00.000,dataentry,1899-12-30 15:11:39.000
2015-11-09 00:00:00.000,dataentry,1899-12-30 15:17:11.000
2015-11-16 00:00:00.000,dataentry,1899-12-30 12:43:05.000
2015-11-16 00:00:00.000,dataentry,1899-12-30 16:01:11.000
2015-11-24 00:00:00.000,dataentry,1899-12-30 09:49:59.000
2015-11-24 00:00:00.000,dataentry,1899-12-30 10:11:21.000
2015-11-24 00:00:00.000,dataentry,1899-12-30 10:11:21.000
2015-11-24 00:00:00.000,supervisor,1899-12-30 10:23:21.000
2015-11-24 00:00:00.000,supervisor,1899-12-30 10:23:21.000
2015-11-24 00:00:00.000,dataentry,1899-12-30 10:45:24.000
2015-11-24 00:00:00.000,dataentry,1899-12-30 14:01:16.000
2015-11-27 00:00:00.000,dataentry,1899-12-30 13:06:51.000
2015-11-27 00:00:00.000,dataentry,1899-12-30 15:33:39.000
2015-11-27 00:00:00.000,dataentry,1899-12-30 15:33:39.000
2015-11-27 00:00:00.000,supervisor,1899-12-30 15:59:59.000
2015-11-27 00:00:00.000,supervisor,1899-12-30 15:59:59.000
2015-11-27 00:00:00.000,dataentry,1899-12-30 16:18:45.000
2015-11-27 00:00:00.000,dataentry,1899-12-30 16:18:45.000
2016-01-12 00:00:00.000,dataentry,1899-12-30 15:18:20.000
2016-01-12 00:00:00.000,dataentry,1899-12-30 15:18:20.000
2016-01-12 00:00:00.000,dataentry,1899-12-30 15:20:20.000
2016-01-12 00:00:00.000,dataentry,1899-12-30 15:20:20.000
2016-01-12 00:00:00.000,dataentry,1899-12-30 15:22:01.000
2016-01-12 00:00:00.000,dataentry,1899-12-30 15:22:01.000
2016-01-12 00:00:00.000,dataentry,1899-12-30 15:26:13.000
2016-01-12 00:00:00.000,dataentry,1899-12-30 16:47:19.000
2016-01-12 00:00:00.000,supervisor,1899-12-30 16:51:36.000
2016-01-12 00:00:00.000,supervisor,1899-12-30 16:51:36.000
2016-01-12 00:00:00.000,dataentry,1899-12-30 17:11:11.000
2016-01-12 00:00:00.000,dataentry,1899-12-30 17:11:11.000
2016-01-12 00:00:00.000,dataentry,1899-12-30 17:18:47.000
2016-01-12 00:00:00.000,dataentry,1899-12-30 17:26:09.000
2016-01-12 00:00:00.000,dataentry,1899-12-30 17:26:09.000
2016-02-12 00:00:00.000,supervisor,1899-12-30 11:15:08.000
2016-02-12 00:00:00.000,dataentry,1899-12-30 11:25:35.000
2016-02-16 00:00:00.000,dataentry,1899-12-30 10:22:21.000
2015-11-01 00:00:00.000,dataentry,1899-12-30 10:23:58.000
2015-11-01 00:00:00.000,dataentry,1899-12-30 10:23:58.000
2015-11-01 00:00:00.000,dataentry,1899-12-30 15:10:41.000
2015-11-01 00:00:00.000,dataentry,1899-12-30 15:10:41.000
2015-11-01 00:00:00.000,dataentry,1899-12-30 15:13:55.000
2015-11-01 00:00:00.000,dataentry,1899-12-30 15:13:55.000
2015-11-01 00:00:00.000,dataentry,1899-12-30 15:27:26.000
2015-11-01 00:00:00.000,dataentry,1899-12-30 15:27:26.000
2015-11-01 00:00:00.000,dataentry,1899-12-30 15:37:42.000
2016-02-19 00:00:00.000,dataentry,1899-12-30 16:30:30.000
2016-02-19 00:00:00.000,dataentry,1899-12-30 16:30:30.000
2016-02-19 00:00:00.000,dataentry,1899-12-30 16:40:58.000
2016-02-19 00:00:00.000,dataentry,1899-12-30 16:40:58.000
2015-11-01 00:00:00.000,dataentry,1899-12-30 16:44:06.000
2015-11-01 00:00:00.000,dataentry,1899-12-30 16:44:55.000
2015-11-01 00:00:00.000,dataentry,1899-12-30 16:49:48.000
2015-11-01 00:00:00.000,dataentry,1899-12-30 16:49:48.000
2016-04-01 00:00:00.000,dataentry,1899-12-30 12:42:05.000
2016-04-01 00:00:00.000,dataentry,1899-12-30 12:42:05.000
2015-07-01 00:00:00.000,dataentry,1899-12-30 12:45:02.000
2015-07-01 00:00:00.000,dataentry,1899-12-30 14:16:17.000
2015-07-01 00:00:00.000,dataentry,1899-12-30 14:23:07.000
2015-07-01 00:00:00.000,dataentry,1899-12-30 14:23:07.000
2015-07-01 00:00:00.000,supervisor,1899-12-30 14:32:15.000
2015-07-01 00:00:00.000,supervisor,1899-12-30 14:32:15.000
2015-07-01 00:00:00.000,dataentry,1899-12-30 14:41:59.000
2015-07-01 00:00:00.000,dataentry,1899-12-30 14:44:43.000
2016-04-12 00:00:00.000,dataentry,1899-12-30 13:59:08.000
2016-04-12 00:00:00.000,supervisor,1899-12-30 14:06:15.000
2016-04-25 00:00:00.000,dataentry,1899-12-30 14:10:06.000
2015-11-25 00:00:00.000,dataentry,1899-12-30 14:13:29.000
2015-11-25 00:00:00.000,dataentry,1899-12-30 14:15:01.000
2015-11-25 00:00:00.000,dataentry,1899-12-30 14:15:01.000
2015-11-25 00:00:00.000,dataentry,1899-12-30 15:15:35.000
2015-10-23 00:00:00.000,dataentry,1899-12-30 15:15:35.000
2015-10-26 00:00:00.000,dataentry,1899-12-30 13:12:22.000
2015-10-26 00:00:00.000,dataentry,1899-12-30 14:22:38.000
2015-10-26 00:00:00.000,dataentry,1899-12-30 14:22:38.000
2016-05-06 00:00:00.000,dataentry,1899-12-30 11:41:13.000
2016-05-06 00:00:00.000,dataentry,1899-12-30 11:41:13.000
2015-10-06 00:00:00.000,dataentry,1899-12-30 11:41:47.000
2015-10-06 00:00:00.000,dataentry,1899-12-30 11:41:47.000
2015-10-06 00:00:00.000,dataentry   ,1899-12-30 12:21:05.000
2015-10-06 00:00:00.000,dataentry   ,1899-12-30 12:21:05.000
2015-10-06 00:00:00.000,dataentry,1899-12-30 14:13:32.000
2015-10-06 00:00:00.000,dataentry,1899-12-30 15:22:15.000
2015-10-06 00:00:00.000,dataentry,1899-12-30 15:22:15.000
2015-10-01 00:00:00.000,dataentry,1899-12-30 14:43:14.000
2015-10-01 00:00:00.000,dataentry,1899-12-30 14:43:14.000
2015-10-01 00:00:00.000,dataentry,1899-12-30 18:16:21.000
2015-10-01 00:00:00.000,dataentry,1899-12-30 18:51:19.000
2015-10-02 00:00:00.000,dataentry,1899-12-30 18:51:19.000
2015-10-02 00:00:00.000,dataentry,1899-12-30 14:43:28.000
2015-10-02 00:00:00.000,dataentry,1899-12-30 14:43:28.000
2015-10-02 00:00:00.000,supervisor,1899-12-30 14:48:18.000
2015-10-02 00:00:00.000,supervisor,1899-12-30 14:48:18.000
2015-10-02 00:00:00.000,dataentry,1899-12-30 15:27:44.000
2015-10-02 00:00:00.000,dataentry,1899-12-30 15:27:44.000
2015-10-03 00:00:00.000,dataentry,1899-12-30 12:55:07.000
2015-10-03 00:00:00.000,dataentry,1899-12-30 13:24:37.000
2015-10-03 00:00:00.000,dataentry,1899-12-30 13:24:37.000
2015-10-03 00:00:00.000,SUPERVISOR,1899-12-30 14:51:49.000
2015-10-03 00:00:00.000,SUPERVISOR,1899-12-30 14:51:49.000
2015-10-03 00:00:00.000,dataentry,1899-12-30 14:53:43.000
2015-10-03 00:00:00.000,dataentry ,1899-12-30 16:49:52.000
2015-10-03 00:00:00.000,dataentry ,1899-12-30 16:49:52.000
2015-10-03 00:00:00.000,supervisor,1899-12-30 23:53:33.000
2015-10-03 00:00:00.000,supervisor,1899-12-30 23:53:33.000
2015-10-03 00:00:00.000,dataentry,1899-12-30 23:53:55.000
2015-10-03 00:00:00.000,dataentry,1899-12-30 23:53:55.000
2015-10-03 00:00:00.000,dataentry,1899-12-30 19:22:46.000
2015-10-03 00:00:00.000,dataentry,1899-12-30 19:22:46.000
2015-10-03 00:00:00.000,supervisor,1899-12-30 23:08:20.000
2015-10-03 00:00:00.000,supervisor,1899-12-30 23:08:20.000
2015-10-03 00:00:00.000,dataentry,1899-12-30 23:09:24.000
2015-10-03 00:00:00.000,dataentry,1899-12-30 23:09:24.000
2015-10-04 00:00:00.000,dataentry,1899-12-30 01:40:03.000
2015-10-04 00:00:00.000,dataentry,1899-12-30 02:25:15.000
2015-10-04 00:00:00.000,dataentry,1899-12-30 02:25:15.000
2015-10-04 00:00:00.000,supervisor,1899-12-30 03:38:37.000
2015-10-04 00:00:00.000,supervisor,1899-12-30 03:38:37.000
2015-10-04 00:00:00.000,dataentry,1899-12-30 04:14:01.000
2015-10-04 00:00:00.000,dataentry,1899-12-30 04:14:01.000
2015-10-04 00:00:00.000,dataentry,1899-12-30 06:14:17.000
2015-10-04 00:00:00.000,dataentry,1899-12-30 06:14:17.000
2015-10-04 00:00:00.000,dataentry,1899-12-30 06:17:06.000
2015-10-04 00:00:00.000,dataentry,1899-12-30 06:17:06.000
2015-10-04 00:00:00.000,dataentry,1899-12-30 21:54:06.000
2015-10-04 00:00:00.000,dataentry,1899-12-30 21:54:06.000
2015-10-05 00:00:00.000,dataentry,1899-12-30 01:49:29.000
2016-05-31 00:00:00.000,dataentry,1899-12-30 01:49:29.000
2015-10-31 00:00:00.000,dataentry,1899-12-30 15:11:10.000
2015-10-31 00:00:00.000,dataentry,1899-12-30 15:11:10.000
2015-10-31 00:00:00.000,dataentry,1899-12-30 21:37:25.000
2015-10-31 00:00:00.000,dataentry,1899-12-30 21:37:25.000
2015-10-31 00:00:00.000,SUPERVISOR,1899-12-30 23:24:34.000
2015-10-31 00:00:00.000,SUPERVISOR,1899-12-30 23:24:34.000
2015-10-31 00:00:00.000,dataentry,1899-12-30 23:25:19.000
2015-11-01 00:00:00.000,dataentry,1899-12-30 23:25:19.000
2015-11-01 00:00:00.000,supervisor,1899-12-30 00:51:32.000
2015-11-01 00:00:00.000,supervisor,1899-12-30 00:51:32.000
2015-11-01 00:00:00.000,dataentry,1899-12-30 00:52:34.000
2015-11-01 00:00:00.000,dataentry,1899-12-30 02:56:50.000
2015-11-01 00:00:00.000,dataentry,1899-12-30 03:54:30.000
2015-11-01 00:00:00.000,dataentry,1899-12-30 03:54:30.000
2015-11-01 00:00:00.000,supervisor,1899-12-30 04:00:53.000
2015-11-01 00:00:00.000,supervisor,1899-12-30 04:00:53.000
2015-11-01 00:00:00.000,dataentry,1899-12-30 04:01:12.000
2015-11-01 00:00:00.000,dataentry,1899-12-30 04:18:26.000
2015-11-01 00:00:00.000,DATAENTRY,1899-12-30 04:45:17.000
2015-11-01 00:00:00.000,DATAENTRY,1899-12-30 04:45:17.000
2015-11-01 00:00:00.000,dataentry,1899-12-30 21:42:51.000
2015-11-01 00:00:00.000,dataentry,1899-12-30 21:45:27.000
2015-11-01 00:00:00.000,DATAENTRY,1899-12-30 22:09:25.000
2015-11-02 00:00:00.000,DATAENTRY,1899-12-30 03:42:28.000
2015-11-02 00:00:00.000,DATAENTRY,1899-12-30 03:42:28.000
2015-11-02 00:00:00.000,dataentry,1899-12-30 21:39:39.000
2015-11-03 00:00:00.000,dataentry,1899-12-30 21:39:39.000
2015-11-03 00:00:00.000,dataentry,1899-12-30 01:45:18.000
2015-11-03 00:00:00.000,dataentry,1899-12-30 01:45:18.000
2016-06-03 00:00:00.000,DATAENTRY,1899-12-30 02:10:31.000
2016-06-03 00:00:00.000,DATAENTRY,1899-12-30 02:10:31.000
2015-12-29 00:00:00.000,dataentry,1899-12-30 02:15:44.000
2015-12-29 00:00:00.000,dataentry,1899-12-30 02:15:44.000
2015-12-29 00:00:00.000,dataentry,1899-12-30 03:46:18.000
2015-12-29 00:00:00.000,dataentry,1899-12-30 03:46:18.000
2015-12-29 00:00:00.000,SUPERVISOR,1899-12-30 05:25:40.000
2015-12-29 00:00:00.000,SUPERVISOR,1899-12-30 05:25:40.000
2015-12-31 00:00:00.000,dataentry,1899-12-30 23:43:25.000
2015-12-31 00:00:00.000,dataentry,1899-12-30 23:45:04.000
2016-01-01 00:00:00.000,dataentry,1899-12-30 23:45:04.000
2015-12-24 00:00:00.000,dataentry,1899-12-30 00:21:37.000
2016-06-06 00:00:00.000,dataentry,1899-12-30 00:21:37.000
2016-06-06 00:00:00.000,dataentry,1899-12-30 22:47:43.000
2016-06-06 00:00:00.000,dataentry,1899-12-30 22:47:43.000
2015-12-25 00:00:00.000,dataentry,1899-12-30 22:48:19.000
2015-12-26 00:00:00.000,dataentry,1899-12-30 22:48:19.000
2015-12-30 00:00:00.000,dataentry,1899-12-30 02:27:29.000
2015-12-30 00:00:00.000,dataentry,1899-12-30 02:57:24.000
2015-12-30 00:00:00.000,dataentry,1899-12-30 02:57:24.000
2015-12-30 00:00:00.000,SUPERVISOR,1899-12-30 03:21:29.000
2015-12-30 00:00:00.000,SUPERVISOR,1899-12-30 03:21:29.000
2015-12-30 00:00:00.000,dataentry,1899-12-30 03:25:44.000
2015-12-30 00:00:00.000,dataentry,1899-12-30 03:25:44.000
2015-12-30 00:00:00.000,supervisor,1899-12-30 04:46:41.000
2015-12-30 00:00:00.000,supervisor,1899-12-30 04:46:41.000
2015-12-30 00:00:00.000,dataentry,1899-12-30 04:47:46.000
2015-12-31 00:00:00.000,dataentry,1899-12-30 04:38:16.000
2015-12-31 00:00:00.000,dataentry,1899-12-30 04:38:16.000
2015-12-24 00:00:00.000,dataentry,1899-12-30 02:21:02.000
2015-12-24 00:00:00.000,dataentry,1899-12-30 02:21:02.000
2015-12-24 00:00:00.000,SUPERVISOR,1899-12-30 03:34:14.000
2015-12-24 00:00:00.000,SUPERVISOR,1899-12-30 03:34:14.000
2015-12-24 00:00:00.000,dataentry,1899-12-30 03:35:51.000
2015-12-24 00:00:00.000,dataentry,1899-12-30 03:35:51.000
2015-12-24 00:00:00.000,SUPERVISOR ,1899-12-30 04:19:15.000
2015-12-24 00:00:00.000,SUPERVISOR ,1899-12-30 04:19:15.000
2015-12-24 00:00:00.000,SUPERVISOR,1899-12-30 04:20:32.000
2015-12-24 00:00:00.000,SUPERVISOR,1899-12-30 04:20:32.000
2015-12-24 00:00:00.000,dataentry,1899-12-30 04:21:17.000
2015-12-24 00:00:00.000,dataentry,1899-12-30 04:21:17.000
2015-12-25 00:00:00.000,dataentry,1899-12-30 00:26:29.000
2015-12-25 00:00:00.000,dataentry,1899-12-30 00:26:29.000
2015-12-25 00:00:00.000,dataentry,1899-12-30 15:26:34.000
2015-12-25 00:00:00.000,dataentry,1899-12-30 15:26:34.000
2015-12-26 00:00:00.000,dataentry,1899-12-30 13:12:31.000
2015-12-26 00:00:00.000,dataentry,1899-12-30 15:33:31.000
2015-12-26 00:00:00.000,DATAENTRY,1899-12-30 20:29:35.000
2015-12-26 00:00:00.000,DATAENTRY,1899-12-30 20:29:35.000
2015-12-26 00:00:00.000,SUPERVISOR,1899-12-30 20:30:46.000
2015-12-26 00:00:00.000,SUPERVISOR,1899-12-30 20:30:46.000
2015-12-26 00:00:00.000,dataentry,1899-12-30 20:31:57.000
2015-12-26 00:00:00.000,dataentry,1899-12-30 21:01:57.000
2015-12-26 00:00:00.000,dataentry,1899-12-30 21:01:57.000
2015-12-26 00:00:00.000,supervisor,1899-12-30 21:07:13.000
2015-12-26 00:00:00.000,supervisor,1899-12-30 21:07:13.000
2015-12-26 00:00:00.000,dataentry,1899-12-30 21:08:17.000
2015-12-26 00:00:00.000,dataentry,1899-12-30 21:08:17.000
2015-12-27 00:00:00.000,dataentry,1899-12-30 11:47:40.000
2015-12-27 00:00:00.000,dataentry,1899-12-30 17:10:19.000
2015-12-27 00:00:00.000,dataentry,1899-12-30 22:10:17.000
2015-12-27 00:00:00.000,dataentry,1899-12-30 22:10:17.000
2015-12-27 00:00:00.000,DATAENTRY,1899-12-30 22:46:03.000
2015-12-28 00:00:00.000,dataentry,1899-12-30 10:53:17.000
2015-12-28 00:00:00.000,dataentry,1899-12-30 10:53:17.000
2015-12-28 00:00:00.000,dataentry,1899-12-30 13:28:36.000
2015-12-28 00:00:00.000,dataentry,1899-12-30 13:28:36.000
2015-12-28 00:00:00.000,SUPERVISOR,1899-12-30 17:17:38.000
2015-12-28 00:00:00.000,SUPERVISOR,1899-12-30 17:17:38.000
2015-12-28 00:00:00.000,dataentry,1899-12-30 17:21:04.000
2015-12-28 00:00:00.000,dataentry,1899-12-30 18:16:39.000
2015-12-28 00:00:00.000,dataentry,1899-12-30 18:16:39.000
2015-12-29 00:00:00.000,dataentry,1899-12-30 09:55:40.000
2015-12-29 00:00:00.000,dataentry,1899-12-30 13:32:56.000
2015-12-29 00:00:00.000,dataentry,1899-12-30 13:32:56.000
2015-12-29 00:00:00.000,dataentry,1899-12-30 17:24:34.000
2015-12-30 00:00:00.000,dataentry,1899-12-30 10:17:05.000
2015-12-30 00:00:00.000,DATAENTRY,1899-12-30 13:43:23.000
2015-12-30 00:00:00.000,DATAENTRY,1899-12-30 13:43:23.000
2015-12-30 00:00:00.000,SUPERVISOR,1899-12-30 19:20:33.000
2015-12-30 00:00:00.000,SUPERVISOR,1899-12-30 19:20:33.000
2015-12-30 00:00:00.000,dataentry,1899-12-30 19:23:40.000
2015-12-30 00:00:00.000,dataentry,1899-12-30 19:23:40.000
2015-12-30 00:00:00.000,dataentry,1899-12-30 22:44:11.000
2015-12-30 00:00:00.000,dataentry,1899-12-30 22:44:11.000
2015-12-30 00:00:00.000,SUPERVISOR,1899-12-30 23:16:30.000
2015-12-30 00:00:00.000,SUPERVISOR,1899-12-30 23:16:30.000
2015-12-30 00:00:00.000,dataentry,1899-12-30 23:18:05.000
2015-12-31 00:00:00.000,dataentry,1899-12-30 23:18:05.000
2015-12-31 00:00:00.000,dataentry,1899-12-30 10:40:51.000
2016-01-01 00:00:00.000,dataentry,1899-12-30 16:28:19.000
2016-01-01 00:00:00.000,dataentry,1899-12-30 16:28:19.000
2015-12-28 00:00:00.000,dataentry,1899-12-30 16:28:43.000
2015-12-29 00:00:00.000,dataentry,1899-12-30 13:15:32.000
2015-12-29 00:00:00.000,dataentry,1899-12-30 13:15:32.000
2015-12-29 00:00:00.000,SUPERVISOR,1899-12-30 13:39:24.000
2015-12-29 00:00:00.000,SUPERVISOR,1899-12-30 13:39:24.000
2015-12-29 00:00:00.000,dataentry,1899-12-30 13:40:42.000
2015-12-30 00:00:00.000,dataentry,1899-12-30 12:16:12.000
2015-12-30 00:00:00.000,dataentry,1899-12-30 12:16:12.000
2015-12-30 00:00:00.000,supervisor,1899-12-30 15:59:48.000
2015-12-30 00:00:00.000,supervisor,1899-12-30 15:59:48.000
2015-12-30 00:00:00.000,dataentry,1899-12-30 16:02:53.000
2015-12-30 00:00:00.000,dataentry,1899-12-30 16:02:53.000
2015-12-31 00:00:00.000,dataentry,1899-12-30 12:01:40.000
2015-12-31 00:00:00.000,dataentry,1899-12-30 12:01:40.000
2015-12-31 00:00:00.000,dataentry,1899-12-30 14:14:35.000
2015-12-31 00:00:00.000,dataentry,1899-12-30 14:14:35.000
2015-12-31 00:00:00.000,supervisor,1899-12-30 14:15:43.000
2015-12-31 00:00:00.000,supervisor,1899-12-30 14:15:43.000
2015-12-31 00:00:00.000,dataentry,1899-12-30 14:20:01.000
2015-12-31 00:00:00.000,dataentry,1899-12-30 14:20:01.000
2015-12-31 00:00:00.000,SUPERVISOR,1899-12-30 19:09:40.000
2015-12-31 00:00:00.000,SUPERVISOR,1899-12-30 19:09:40.000
2015-12-31 00:00:00.000,dataentry,1899-12-30 19:12:22.000
2015-12-31 00:00:00.000,dataentry,1899-12-30 19:12:22.000
2015-12-31 00:00:00.000,supervisor,1899-12-30 19:33:51.000
2015-12-31 00:00:00.000,supervisor,1899-12-30 19:33:51.000
2015-12-31 00:00:00.000,dataentry,1899-12-30 19:38:23.000
2015-12-31 00:00:00.000,dataentry,1899-12-30 19:38:23.000
2016-01-01 00:00:00.000,supervisor,1899-12-30 10:03:50.000
2016-01-01 00:00:00.000,supervisor,1899-12-30 10:03:50.000
2016-01-01 00:00:00.000,SUPERVISOR,1899-12-30 10:04:44.000
2016-01-01 00:00:00.000,SUPERVISOR,1899-12-30 10:04:44.000
2016-01-01 00:00:00.000,DATAENTRY,1899-12-30 10:05:12.000
2016-01-01 00:00:00.000,DATAENTRY,1899-12-30 10:05:12.000
2015-12-25 00:00:00.000,SUPERVISOR,1899-12-30 10:05:42.000
2015-12-25 00:00:00.000,SUPERVISOR,1899-12-30 10:05:42.000
2015-12-25 00:00:00.000,DATAENTRY,1899-12-30 18:43:32.000
2015-12-25 00:00:00.000,DATAENTRY,1899-12-30 18:43:32.000
2015-12-25 00:00:00.000,SUPERVISOR,1899-12-30 19:21:17.000
2015-12-25 00:00:00.000,SUPERVISOR,1899-12-30 19:21:17.000
2015-12-25 00:00:00.000,dataentry,1899-12-30 19:21:57.000
2015-12-25 00:00:00.000,dataentry,1899-12-30 19:21:57.000
2015-12-25 00:00:00.000,supervisor,1899-12-30 19:24:44.000
2015-12-25 00:00:00.000,supervisor,1899-12-30 19:24:44.000
2015-12-26 00:00:00.000,dataentry,1899-12-30 12:18:47.000
2015-12-26 00:00:00.000,dataentry,1899-12-30 12:18:47.000
2015-12-26 00:00:00.000,dataentry,1899-12-30 12:22:02.000
2015-12-26 00:00:00.000,dataentry,1899-12-30 12:22:02.000
2015-12-26 00:00:00.000,supervisor,1899-12-30 13:32:23.000
2015-12-26 00:00:00.000,supervisor,1899-12-30 13:32:23.000
2015-12-26 00:00:00.000,supervisor,1899-12-30 14:12:40.000
2015-12-26 00:00:00.000,supervisor,1899-12-30 15:10:36.000
2015-12-26 00:00:00.000,supervisor,1899-12-30 15:10:36.000
2016-06-24 00:00:00.000,supervisor,1899-12-30 19:31:32.000
2015-12-01 00:00:00.000,supervisor,1899-12-30 19:31:32.000
2015-12-01 00:00:00.000,supervisor,1899-12-30 19:46:55.000
2015-12-01 00:00:00.000,supervisor,1899-12-30 19:49:44.000
2015-12-01 00:00:00.000,supervisor,1899-12-30 19:49:44.000
2015-12-01 00:00:00.000,supervisor,1899-12-30 20:59:47.000
2015-12-01 00:00:00.000,supervisor,1899-12-30 21:01:22.000
2015-12-01 00:00:00.000,supervisor,1899-12-30 21:25:59.000
2016-06-24 00:00:00.000,supervisor,1899-12-30 21:25:59.000
2016-06-25 00:00:00.000,supervisor,1899-12-30 16:12:56.000
2016-06-25 00:00:00.000,supervisor,1899-12-30 16:12:56.000
2016-06-25 00:00:00.000,dataentry,1899-12-30 16:13:45.000
2015-12-01 00:00:00.000,dataentry,1899-12-30 16:13:45.000
2015-12-01 00:00:00.000,dataentry,1899-12-30 16:17:58.000
2015-12-01 00:00:00.000,dataentry,1899-12-30 16:17:58.000
2015-12-01 00:00:00.000,dataentry,1899-12-30 16:20:21.000
2015-12-01 00:00:00.000,dataentry,1899-12-30 16:20:21.000
2015-12-01 00:00:00.000,dataentry,1899-12-30 16:21:50.000
2015-12-01 00:00:00.000,dataentry,1899-12-30 16:25:21.000
2015-12-01 00:00:00.000,dataentry,1899-12-30 16:25:21.000
2016-06-28 00:00:00.000,supervisor,1899-12-30 11:08:31.000
2016-06-28 00:00:00.000,supervisor,1899-12-30 11:11:14.000
2016-06-28 00:00:00.000,supervisor,1899-12-30 13:55:27.000
2016-06-28 00:00:00.000,supervisor,1899-12-30 13:55:27.000
2016-06-28 00:00:00.000,dataentry,1899-12-30 14:14:04.000
2015-12-01 00:00:00.000,dataentry,1899-12-30 14:14:04.000
2015-12-01 00:00:00.000,dataentry,1899-12-30 14:15:45.000
2015-12-01 00:00:00.000,dataentry,1899-12-30 14:15:45.000
2015-12-01 00:00:00.000,dataentry,1899-12-30 14:58:41.000
2015-12-01 00:00:00.000,dataentry,1899-12-30 14:58:41.000
2015-12-01 00:00:00.000,supervisor,1899-12-30 15:50:38.000
2015-12-01 00:00:00.000,supervisor,1899-12-30 15:50:38.000
2016-06-28 00:00:00.000,supervisor,1899-12-30 20:52:02.000
2016-06-28 00:00:00.000,supervisor,1899-12-30 20:52:02.000
2016-06-28 00:00:00.000,supervisor,1899-12-30 21:37:10.000
2016-06-28 00:00:00.000,supervisor,1899-12-30 21:39:06.000
2016-06-28 00:00:00.000,supervisor,1899-12-30 21:42:29.000
2016-07-08 00:00:00.000,supervisor,1899-12-30 11:15:23.000
2016-07-08 00:00:00.000,supervisor,1899-12-30 11:15:23.000
2016-07-08 00:00:00.000,supervisor,1899-12-30 11:26:37.000
2016-07-08 00:00:00.000,supervisor,1899-12-30 11:47:49.000
2016-07-08 00:00:00.000,supervisor,1899-12-30 11:54:21.000
2016-07-08 00:00:00.000,supervisor,1899-12-30 12:22:05.000
2016-07-08 00:00:00.000,supervisor,1899-12-30 12:56:37.000
2016-07-08 00:00:00.000,supervisor,1899-12-30 12:56:37.000
2016-07-08 00:00:00.000,supervisor,1899-12-30 13:19:34.000
2016-07-08 00:00:00.000,supervisor,1899-12-30 13:19:34.000
2016-07-08 00:00:00.000,dataentry,1899-12-30 13:27:17.000
2015-12-15 00:00:00.000,dataentry,1899-12-30 13:27:17.000
2015-12-15 00:00:00.000,SUPERVISOR,1899-12-30 14:22:52.000
2015-12-15 00:00:00.000,SUPERVISOR,1899-12-30 14:22:52.000
2015-12-15 00:00:00.000,SUPERVISOR,1899-12-30 14:24:18.000
2015-12-15 00:00:00.000,supervisor,1899-12-30 14:28:12.000
2015-12-15 00:00:00.000,supervisor,1899-12-30 14:33:36.000
2016-07-08 00:00:00.000,supervisor,1899-12-30 14:35:04.000
2016-07-08 00:00:00.000,supervisor,1899-12-30 15:00:11.000
2016-07-08 00:00:00.000,supervisor,1899-12-30 15:00:11.000
2016-07-08 00:00:00.000,supervisor,1899-12-30 15:09:03.000
2016-07-08 00:00:00.000,supervisor,1899-12-30 15:23:32.000
2016-07-08 00:00:00.000,supervisor,1899-12-30 15:25:21.000
2016-07-08 00:00:00.000,supervisor,1899-12-30 15:31:53.000
2016-07-08 00:00:00.000,supervisor,1899-12-30 15:31:53.000
2016-07-09 00:00:00.000,supervisor,1899-12-30 23:29:28.000
2016-07-09 00:00:00.000,supervisor,1899-12-30 23:29:28.000
2016-07-10 00:00:00.000,supervisor,1899-12-30 04:00:38.000
2016-07-10 00:00:00.000,supervisor,1899-12-30 04:00:38.000
2016-07-10 00:00:00.000,supervisor,1899-12-30 04:04:10.000
2016-07-10 00:00:00.000,supervisor,1899-12-30 04:18:39.000
2016-07-10 00:00:00.000,supervisor,1899-12-30 04:23:22.000
2016-07-10 00:00:00.000,supervisor,1899-12-30 04:28:49.000
2016-07-10 00:00:00.000,supervisor,1899-12-30 04:31:46.000
2016-07-10 00:00:00.000,supervisor,1899-12-30 04:31:46.000
2016-07-10 00:00:00.000,supervisor,1899-12-30 04:35:44.000
2016-07-10 00:00:00.000,supervisor,1899-12-30 04:48:53.000
2016-07-10 00:00:00.000,supervisor,1899-12-30 04:55:07.000
2016-07-11 00:00:00.000,supervisor,1899-12-30 09:53:24.000
2016-07-11 00:00:00.000,supervisor,1899-12-30 09:53:24.000
2016-01-14 00:00:00.000,supervisor,1899-12-30 11:52:48.000
2016-01-14 00:00:00.000,supervisor,1899-12-30 11:52:48.000
2016-01-14 00:00:00.000,dataentry,1899-12-30 14:10:29.000
2016-01-14 00:00:00.000,dataentry,1899-12-30 14:10:29.000
2016-07-11 00:00:00.000,DATAENTRY,1899-12-30 14:27:36.000
2016-07-11 00:00:00.000,DATAENTRY,1899-12-30 14:28:31.000
2016-07-11 00:00:00.000,DATAENTRY,1899-12-30 14:28:31.000
2016-07-11 00:00:00.000,DATAENTRY,1899-12-30 14:29:38.000
2016-07-11 00:00:00.000,DATAENTRY,1899-12-30 14:29:38.000
2016-07-11 00:00:00.000,DATAENTRY,1899-12-30 16:17:48.000
2016-09-30 00:00:00.000,dataentry,1899-12-30 13:32:07.000
2016-09-30 00:00:00.000,dataentry,1899-12-30 13:32:07.000
2016-09-30 00:00:00.000,supervisor,1899-12-30 13:57:59.000
2016-09-30 00:00:00.000,supervisor,1899-12-30 13:57:59.000
2016-09-30 00:00:00.000,dataentry,1899-12-30 14:00:28.000
2016-09-30 00:00:00.000,dataentry,1899-12-30 14:00:28.000
2016-09-30 00:00:00.000,supervisor,1899-12-30 14:51:20.000
2016-09-30 00:00:00.000,supervisor,1899-12-30 14:51:20.000
2016-09-30 00:00:00.000,dataentry,1899-12-30 14:54:54.000
2016-09-30 00:00:00.000,dataentry,1899-12-30 14:54:54.000
2016-09-30 00:00:00.000,supervisor,1899-12-30 14:58:38.000
2016-09-30 00:00:00.000,supervisor,1899-12-30 14:58:38.000
2016-09-30 00:00:00.000,dataentry,1899-12-30 14:59:27.000
2016-09-30 00:00:00.000,dataentry,1899-12-30 14:59:27.000
2016-09-30 00:00:00.000,dataentry,1899-12-30 17:24:09.000
2016-09-30 00:00:00.000,DATAENTRY,1899-12-30 17:33:22.000
2016-09-30 00:00:00.000,DATAENTRY,1899-12-30 17:33:22.000
2016-09-30 00:00:00.000,supervisor,1899-12-30 17:33:43.000
2016-09-30 00:00:00.000,supervisor,1899-12-30 17:33:43.000
2016-09-30 00:00:00.000,dataentry,1899-12-30 04:40:01.000
2016-09-30 00:00:00.000,dataentry,1899-12-30 04:40:01.000
2016-10-03 00:00:00.000,DATAENTRY,1899-12-30 04:27:25.000
2016-10-03 00:00:00.000,DATAENTRY,1899-12-30 04:27:25.000
2016-10-03 00:00:00.000,dataentry,1899-12-30 11:27:34.000
2016-10-03 00:00:00.000,dataentry,1899-12-30 11:27:34.000
2016-10-03 00:00:00.000,dataentry,1899-12-30 02:56:02.000
2016-10-03 00:00:00.000,dataentry,1899-12-30 02:56:02.000
2016-10-05 00:00:00.000,DATAENTRY,1899-12-30 02:45:15.000
2016-10-05 00:00:00.000,DATAENTRY,1899-12-30 02:45:15.000
2016-10-05 00:00:00.000,SUPERVISOR,1899-12-30 04:36:13.000
2016-10-05 00:00:00.000,dataentry,1899-12-30 04:37:50.000
2016-10-11 00:00:00.000,dataentry,1899-12-30 03:14:15.000
2016-10-11 00:00:00.000,dataentry,1899-12-30 03:14:15.000
2016-10-11 00:00:00.000,dataentry,1899-12-30 03:56:39.000
2016-10-11 00:00:00.000,dataentry,1899-12-30 03:56:39.000
2016-10-11 00:00:00.000,supervisor,1899-12-30 03:56:58.000
2016-10-11 00:00:00.000,supervisor,1899-12-30 03:56:58.000
2016-10-11 00:00:00.000,dataentry,1899-12-30 03:58:18.000
2016-10-11 00:00:00.000,dataentry,1899-12-30 03:58:18.000
2016-10-16 00:00:00.000,dataentry,1899-12-30 00:10:13.000
2016-10-17 00:00:00.000,dataentry,1899-12-30 00:10:13.000
2016-10-17 00:00:00.000,dataentry,1899-12-30 23:53:28.000
2016-10-18 00:00:00.000,dataentry,1899-12-30 00:36:18.000
2016-10-18 00:00:00.000,dataentry,1899-12-30 03:54:12.000
2016-10-18 00:00:00.000,dataentry,1899-12-30 03:54:12.000
2016-10-18 00:00:00.000,supervisor,1899-12-30 05:23:45.000
2016-10-18 00:00:00.000,supervisor,1899-12-30 05:23:45.000
2016-10-18 00:00:00.000,dataentry,1899-12-30 05:24:34.000
2016-10-18 00:00:00.000,dataentry,1899-12-30 05:24:34.000
2016-10-18 00:00:00.000,dataentry,1899-12-30 22:34:42.000
2016-10-19 00:00:00.000,dataentry,1899-12-30 22:34:42.000
2016-10-20 00:00:00.000,dataentry,1899-12-30 23:14:36.000
2016-10-21 00:00:00.000,dataentry,1899-12-30 23:14:36.000
2016-10-24 00:00:00.000,dataentry,1899-12-30 01:30:53.000
2016-10-24 00:00:00.000,dataentry,1899-12-30 01:30:53.000
2016-10-25 00:00:00.000,dataentry,1899-12-30 11:32:24.000
2016-10-25 00:00:00.000,dataentry,1899-12-30 11:32:24.000
2016-10-26 00:00:00.000,dataentry,1899-12-30 13:10:24.000
2016-10-26 00:00:00.000,dataentry,1899-12-30 13:10:24.000
2016-10-27 00:00:00.000,DATAENTRY,1899-12-30 11:10:42.000
2016-10-27 00:00:00.000,DATAENTRY,1899-12-30 11:10:42.000
2016-10-27 00:00:00.000,SUPERVISOR,1899-12-30 12:36:59.000
2016-10-27 00:00:00.000,SUPERVISOR,1899-12-30 12:36:59.000
2016-10-27 00:00:00.000,dataentry,1899-12-30 12:38:03.000
2016-10-27 00:00:00.000,dataentry,1899-12-30 12:38:03.000
2016-10-28 00:00:00.000,DATAENTRY,1899-12-30 12:35:15.000
2016-10-28 00:00:00.000,DATAENTRY,1899-12-30 12:35:15.000
2016-10-31 00:00:00.000,dataentry,1899-12-30 15:09:46.000
2016-11-01 00:00:00.000,dataentry,1899-12-30 11:40:35.000
2016-11-01 00:00:00.000,supervisor,1899-12-30 12:08:42.000
2016-11-01 00:00:00.000,supervisor,1899-12-30 12:08:42.000
2016-11-01 00:00:00.000,dataentry,1899-12-30 11:40:35.000
2016-11-01 00:00:00.000,DATAENTRY,1899-12-30 13:05:59.000
2016-11-01 00:00:00.000,supervisor,1899-12-30 13:21:24.000
2016-11-01 00:00:00.000,supervisor,1899-12-30 13:21:24.000
2016-11-01 00:00:00.000,DATAENTRY,1899-12-30 13:05:59.000
2016-11-02 00:00:00.000,dataentry,1899-12-30 13:15:40.000
2016-11-02 00:00:00.000,dataentry,1899-12-30 14:30:20.000
2016-11-02 00:00:00.000,dataentry,1899-12-30 14:30:20.000
2016-11-03 00:00:00.000,dataentry,1899-12-30 11:57:49.000
2016-11-03 00:00:00.000,dataentry,1899-12-30 11:57:49.000
2016-11-05 00:00:00.000,dataentry,1899-12-30 10:18:42.000
2016-11-05 00:00:00.000,dataentry,1899-12-30 10:18:42.000
2016-11-07 00:00:00.000,dataentry,1899-12-30 11:26:04.000
2016-11-07 00:00:00.000,dataentry,1899-12-30 15:14:48.000
2016-11-07 00:00:00.000,dataentry,1899-12-30 15:14:48.000
2016-11-08 00:00:00.000,dataentry,1899-12-30 11:49:48.000
2016-11-08 00:00:00.000,dataentry,1899-12-30 11:49:48.000
2016-11-09 00:00:00.000,dataentry,1899-12-30 11:54:07.000
2016-11-10 00:00:00.000,dataentry,1899-12-30 10:45:53.000
2016-11-10 00:00:00.000,dataentry,1899-12-30 10:47:27.000
2016-11-10 00:00:00.000,dataentry,1899-12-30 10:47:27.000
2016-11-11 00:00:00.000,dataentry,1899-12-30 10:43:03.000
2016-11-11 00:00:00.000,dataentry,1899-12-30 10:43:03.000
2016-11-13 00:00:00.000,dataentry,1899-12-30 20:59:15.000
2016-11-13 00:00:00.000,dataentry,1899-12-30 20:59:15.000
2016-11-14 00:00:00.000,dataentry,1899-12-30 12:37:10.000
2016-11-15 00:00:00.000,dataentry,1899-12-30 15:34:54.000
2016-11-15 00:00:00.000,dataentry,1899-12-30 15:34:54.000
2016-11-15 00:00:00.000,SUPERVISOR,1899-12-30 17:05:42.000
2016-11-15 00:00:00.000,dataentry,1899-12-30 17:17:28.000
2016-11-15 00:00:00.000,dataentry,1899-12-30 17:17:28.000
2016-11-15 00:00:00.000,supervisor,1899-12-30 17:17:54.000
2016-11-15 00:00:00.000,supervisor,1899-12-30 17:17:54.000
2016-11-16 00:00:00.000,supervisor,1899-12-30 11:07:28.000
2016-11-16 00:00:00.000,dataentry,1899-12-30 11:54:55.000
2016-11-16 00:00:00.000,dataentry,1899-12-30 11:54:55.000
2016-11-16 00:00:00.000,supervisor,1899-12-30 11:07:28.000
2016-11-18 00:00:00.000,dataentry,1899-12-30 09:42:38.000
2016-11-18 00:00:00.000,dataentry,1899-12-30 09:42:38.000
2016-11-18 00:00:00.000,supervisor,1899-12-30 09:43:06.000
2016-11-18 00:00:00.000,supervisor,1899-12-30 09:43:06.000
2016-11-22 00:00:00.000,dataentry,1899-12-30 16:14:48.000
2016-11-22 00:00:00.000,dataentry,1899-12-30 16:14:48.000
2016-11-25 00:00:00.000,dataentry,1899-12-30 10:31:27.000
2016-11-25 00:00:00.000,dataentry,1899-12-30 12:35:31.000
2016-11-25 00:00:00.000,dataentry,1899-12-30 12:35:31.000
2016-11-28 00:00:00.000,dataentry,1899-12-30 11:41:39.000
2016-11-28 00:00:00.000,DATAENTRY,1899-12-30 13:01:45.000
2016-11-28 00:00:00.000,DATAENTRY,1899-12-30 13:01:45.000
2016-11-29 00:00:00.000,dataentry,1899-12-30 10:34:03.000
2016-11-29 00:00:00.000,SUPERVISOR,1899-12-30 15:28:16.000
2016-11-29 00:00:00.000,dataentry,1899-12-30 10:34:03.000
2016-11-29 00:00:00.000,SUPERVISOR,1899-12-30 15:28:16.000
2016-12-01 00:00:00.000,dataentry,1899-12-30 11:58:40.000
2016-12-01 00:00:00.000,dataentry,1899-12-30 11:58:40.000
2016-12-04 00:00:00.000,dataentry,1899-12-30 15:19:17.000
2016-12-04 00:00:00.000,dataentry,1899-12-30 15:19:17.000
2016-12-04 00:00:00.000,supervisor,1899-12-30 18:11:55.000
2016-12-04 00:00:00.000,supervisor,1899-12-30 18:11:55.000
2016-12-04 00:00:00.000,dataentry,1899-12-30 18:30:15.000
2016-12-04 00:00:00.000,DATAENTRY,1899-12-30 18:43:55.000
2016-12-04 00:00:00.000,DATAENTRY,1899-12-30 19:38:16.000
2016-12-04 00:00:00.000,DATAENTRY,1899-12-30 19:38:16.000
2016-12-05 00:00:00.000,dataentry,1899-12-30 10:09:06.000
2016-12-05 00:00:00.000,dataentry,1899-12-30 12:30:44.000
2016-12-22 00:00:00.000,SUPERVISOR,1899-12-30 09:56:40.000
2016-12-22 00:00:00.000,dataentry,1899-12-30 10:56:57.000
2016-12-22 00:00:00.000,dataentry,1899-12-30 10:56:57.000
2016-12-22 00:00:00.000,SUPERVISOR,1899-12-30 11:20:41.000
2016-12-22 00:00:00.000,SUPERVISOR,1899-12-30 11:20:41.000
2016-12-22 00:00:00.000,dataentry,1899-12-30 11:56:23.000
2016-12-22 00:00:00.000,dataentry,1899-12-30 11:56:23.000
2016-12-22 00:00:00.000,DATAENTRY,1899-12-30 12:16:49.000
2016-12-22 00:00:00.000,DATAENTRY,1899-12-30 12:16:49.000
2016-12-22 00:00:00.000,DATAENTRY,1899-12-30 12:33:10.000
2016-12-22 00:00:00.000,DATAENTRY,1899-12-30 12:33:10.000
2016-12-22 00:00:00.000,DATAENTRY,1899-12-30 13:36:56.000
2016-12-22 00:00:00.000,DATAENTRY,1899-12-30 13:36:56.000
2016-12-22 00:00:00.000,dataentry,1899-12-30 15:31:17.000
2016-12-22 00:00:00.000,dataentry,1899-12-30 15:31:17.000
2016-12-29 00:00:00.000,dataentry,1899-12-30 14:51:42.000
2016-12-29 00:00:00.000,dataentry,1899-12-30 14:51:42.000
2017-01-04 00:00:00.000,dataentry,1899-12-30 09:30:45.000
2017-01-04 00:00:00.000,dataentry,1899-12-30 09:30:45.000
2017-01-04 00:00:00.000,dataentry,1899-12-30 15:22:45.000
2017-01-04 00:00:00.000,dataentry,1899-12-30 15:22:45.000
2017-01-05 00:00:00.000,dataentry,1899-12-30 10:07:05.000
2017-01-06 00:00:00.000,dataentry,1899-12-30 10:16:03.000
2017-01-06 00:00:00.000,dataentry,1899-12-30 10:16:03.000
2016-12-01 00:00:00.000,dataentry,1899-12-30 13:38:08.000
2016-12-01 00:00:00.000,dataentry,1899-12-30 13:38:08.000
2016-12-04 00:00:00.000,dataentry,1899-12-30 09:53:08.000
2016-12-05 00:00:00.000,dataentry,1899-12-30 09:24:52.000
2016-12-05 00:00:00.000,dataentry,1899-12-30 09:24:52.000
2016-12-05 00:00:00.000,supervisor,1899-12-30 16:56:15.000
2016-12-05 00:00:00.000,supervisor,1899-12-30 16:56:15.000
2016-12-05 00:00:00.000,dataentry,1899-12-30 17:05:47.000
2016-12-05 00:00:00.000,dataentry,1899-12-30 17:05:47.000
2016-12-05 00:00:00.000,supervisor,1899-12-30 17:06:57.000
2016-12-05 00:00:00.000,supervisor,1899-12-30 17:06:57.000
2016-12-06 00:00:00.000,dataentry,1899-12-30 11:36:43.000
2017-01-11 00:00:00.000,dataentry,1899-12-30 11:36:43.000
2016-12-01 00:00:00.000,dataentry,1899-12-30 12:26:37.000
2016-12-01 00:00:00.000,dataentry,1899-12-30 12:26:37.000
2016-12-11 00:00:00.000,dataentry,1899-12-30 14:49:14.000
2016-12-11 00:00:00.000,dataentry,1899-12-30 14:49:14.000
2016-12-15 00:00:00.000,dataentry,1899-12-30 18:50:28.000
2016-12-15 00:00:00.000,dataentry,1899-12-30 18:50:28.000
2015-12-01 00:00:00.000,dataentry,1899-12-30 19:07:12.000
2015-12-01 00:00:00.000,dataentry,1899-12-30 19:07:12.000
2017-01-01 00:00:00.000,dataentry,1899-12-30 19:09:04.000
2017-01-01 00:00:00.000,dataentry,1899-12-30 19:09:04.000
2016-12-15 00:00:00.000,dataentry,1899-12-30 19:10:54.000
2016-12-15 00:00:00.000,supervisor,1899-12-30 19:42:56.000
2016-12-15 00:00:00.000,supervisor,1899-12-30 19:42:56.000
2016-12-15 00:00:00.000,dataentry,1899-12-30 19:50:13.000
2016-12-15 00:00:00.000,dataentry,1899-12-30 19:50:13.000
2016-12-16 00:00:00.000,dataentry,1899-12-30 09:34:10.000
2016-12-16 00:00:00.000,SUPERVISOR,1899-12-30 11:18:25.000
2016-12-16 00:00:00.000,SUPERVISOR,1899-12-30 11:18:25.000
2016-12-16 00:00:00.000,dataentry,1899-12-30 09:34:10.000
2016-12-17 00:00:00.000,dataentry,1899-12-30 11:19:27.000
2017-01-18 00:00:00.000,dataentry,1899-12-30 09:37:27.000
2017-01-18 00:00:00.000,dataentry,1899-12-30 09:37:27.000
2016-12-15 00:00:00.000,dataentry,1899-12-30 09:44:38.000
2017-01-19 00:00:00.000,dataentry,1899-12-30 09:42:25.000
2017-01-19 00:00:00.000,dataentry,1899-12-30 09:42:25.000
2016-12-15 00:00:00.000,DATAENTRY,1899-12-30 09:47:31.000
2016-12-15 00:00:00.000,dataentry,1899-12-30 14:24:00.000
2016-12-15 00:00:00.000,dataentry,1899-12-30 16:58:55.000
2016-12-15 00:00:00.000,SUPERVISOR,1899-12-30 17:40:14.000
2016-12-15 00:00:00.000,SUPERVISOR,1899-12-30 17:40:14.000
2016-12-15 00:00:00.000,dataentry,1899-12-30 16:58:55.000
2016-12-16 00:00:00.000,DATAENTRY,1899-12-30 09:14:15.000
2016-12-16 00:00:00.000,supervisor,1899-12-30 13:34:45.000
2016-12-16 00:00:00.000,supervisor,1899-12-30 13:34:45.000
2016-12-16 00:00:00.000,SUPERVISOR,1899-12-30 14:06:38.000
2016-12-16 00:00:00.000,DATAENTRY,1899-12-30 14:26:53.000
2016-12-16 00:00:00.000,DATAENTRY,1899-12-30 14:26:53.000
2016-12-16 00:00:00.000,SUPERVISOR,1899-12-30 14:06:38.000
2016-12-16 00:00:00.000,DATAENTRY,1899-12-30 14:32:20.000
2016-12-16 00:00:00.000,supervisor,1899-12-30 15:13:29.000
2016-12-16 00:00:00.000,supervisor,1899-12-30 15:13:29.000
2016-12-16 00:00:00.000,dataentry,1899-12-30 16:11:20.000
2016-12-16 00:00:00.000,dataentry,1899-12-30 16:11:20.000
2016-12-19 00:00:00.000,dataentry,1899-12-30 11:29:32.000
2016-12-19 00:00:00.000,dataentry,1899-12-30 11:29:32.000
2016-12-20 00:00:00.000,dataentry,1899-12-30 09:02:37.000
2016-12-21 00:00:00.000,DATAENTRY,1899-12-30 09:37:17.000
2016-12-21 00:00:00.000,DATAENTRY,1899-12-30 16:32:36.000
2016-12-21 00:00:00.000,DATAENTRY,1899-12-30 16:32:36.000
2016-12-21 00:00:00.000,dataentry,1899-12-30 11:02:57.000
2016-12-21 00:00:00.000,DATAENTRY,1899-12-30 15:03:27.000
2016-12-21 00:00:00.000,DATAENTRY,1899-12-30 15:03:27.000
2016-12-22 00:00:00.000,DATAENTRY,1899-12-30 11:20:47.000
2016-12-22 00:00:00.000,DATAENTRY,1899-12-30 11:20:47.000
2016-12-22 00:00:00.000,dataentry,1899-12-30 14:07:45.000
2016-12-22 00:00:00.000,supervisor,1899-12-30 16:04:21.000
2016-12-22 00:00:00.000,supervisor,1899-12-30 16:04:21.000
2016-12-22 00:00:00.000,dataentry,1899-12-30 14:07:45.000
2016-12-24 00:00:00.000,dataentry,1899-12-30 21:06:32.000
2016-12-24 00:00:00.000,dataentry,1899-12-30 21:06:32.000
2016-12-24 00:00:00.000,SUPERVISOR,1899-12-30 22:01:45.000
2016-12-25 00:00:00.000,SUPERVISOR,1899-12-30 22:01:45.000
2016-12-25 00:00:00.000,SUPERVISOR,1899-12-30 09:47:48.000
2016-12-25 00:00:00.000,SUPERVISOR,1899-12-30 09:47:48.000
2016-12-25 00:00:00.000,DATAENTRY,1899-12-30 11:30:56.000
2016-12-25 00:00:00.000,DATAENTRY,1899-12-30 11:30:56.000
2016-12-25 00:00:00.000,DATAENTRY,1899-12-30 13:09:41.000
2016-12-25 00:00:00.000,SUPERVISOR,1899-12-30 14:48:52.000
2016-12-25 00:00:00.000,SUPERVISOR,1899-12-30 14:48:52.000
2016-12-25 00:00:00.000,DATAENTRY,1899-12-30 13:09:41.000
2016-12-25 00:00:00.000,DATAENTRY,1899-12-30 15:56:04.000
2016-12-25 00:00:00.000,DATAENTRY,1899-12-30 15:56:04.000
2017-02-02 00:00:00.000,DATAENTRY,1899-12-30 12:22:25.000
2017-02-02 00:00:00.000,DATAENTRY,1899-12-30 12:22:25.000
2016-12-27 00:00:00.000,supervisor,1899-12-30 12:23:19.000
2016-12-27 00:00:00.000,supervisor,1899-12-30 12:23:19.000
2016-12-01 00:00:00.000,DATAENTRY,1899-12-30 10:14:14.000
2016-12-01 00:00:00.000,DATAENTRY,1899-12-30 10:14:14.000
2016-12-01 00:00:00.000,dataentry,1899-12-30 10:31:03.000
2016-12-01 00:00:00.000,dataentry,1899-12-30 10:31:03.000
2016-12-01 00:00:00.000,dataentry,1899-12-30 10:47:08.000
2016-12-01 00:00:00.000,dataentry,1899-12-30 11:18:49.000
2016-12-01 00:00:00.000,dataentry,1899-12-30 11:24:00.000
2016-12-01 00:00:00.000,dataentry,1899-12-30 11:25:34.000
2016-12-01 00:00:00.000,dataentry,1899-12-30 11:29:28.000
2016-12-01 00:00:00.000,dataentry,1899-12-30 11:36:51.000
2016-12-01 00:00:00.000,dataentry,1899-12-30 11:38:03.000
2016-12-01 00:00:00.000,dataentry,1899-12-30 11:38:03.000
2016-12-01 00:00:00.000,dataentry,1899-12-30 10:47:08.000
2016-12-01 00:00:00.000,dataentry,1899-12-30 12:08:07.000
2016-12-01 00:00:00.000,dataentry,1899-12-30 12:28:43.000
2016-12-01 00:00:00.000,dataentry,1899-12-30 12:32:28.000
2016-12-01 00:00:00.000,dataentry,1899-12-30 12:33:59.000
2016-12-01 00:00:00.000,dataentry,1899-12-30 12:44:00.000
2017-02-20 00:00:00.000,dataentry,1899-12-30 12:48:15.000
2017-02-20 00:00:00.000,DATAENTRY,1899-12-30 12:59:12.000
2017-02-20 00:00:00.000,dataentry,1899-12-30 13:00:50.000
2017-02-20 00:00:00.000,dataentry,1899-12-30 13:12:06.000
2017-02-20 00:00:00.000,dataentry,1899-12-30 13:12:06.000
2017-02-20 00:00:00.000,dataentry,1899-12-30 13:20:21.000
2017-02-20 00:00:00.000,dataentry,1899-12-30 13:24:21.000
2017-02-20 00:00:00.000,dataentry,1899-12-30 13:28:58.000
2017-02-20 00:00:00.000,dataentry,1899-12-30 13:28:58.000
2017-02-20 00:00:00.000,dataentry,1899-12-30 13:32:16.000
2017-02-20 00:00:00.000,dataentry,1899-12-30 13:32:16.000
2017-02-20 00:00:00.000,dataentry,1899-12-30 13:51:49.000
2017-02-20 00:00:00.000,dataentry,1899-12-30 13:55:09.000
2017-02-20 00:00:00.000,dataentry,1899-12-30 14:36:25.000
2017-02-20 00:00:00.000,dataentry,1899-12-30 14:38:45.000
2017-02-20 00:00:00.000,dataentry,1899-12-30 14:38:45.000
2017-02-20 00:00:00.000,dataentry,1899-12-30 13:51:49.000
2017-02-20 00:00:00.000,dataentry,1899-12-30 15:01:17.000
2017-02-20 00:00:00.000,dataentry,1899-12-30 15:04:08.000
2017-02-20 00:00:00.000,dataentry,1899-12-30 15:20:20.000
2017-02-20 00:00:00.000,dataentry,1899-12-30 15:20:20.000
2017-02-20 00:00:00.000,dataentry,1899-12-30 15:22:30.000
2017-02-20 00:00:00.000,dataentry,1899-12-30 15:25:10.000
2017-02-20 00:00:00.000,dataentry,1899-12-30 15:48:15.000
2017-02-20 00:00:00.000,dataentry,1899-12-30 15:48:57.000
2017-02-20 00:00:00.000,dataentry,1899-12-30 15:51:12.000
2017-02-20 00:00:00.000,dataentry,1899-12-30 15:51:12.000
2017-02-20 00:00:00.000,dataentry,1899-12-30 15:56:44.000
2017-02-20 00:00:00.000,dataentry,1899-12-30 15:56:44.000
2017-02-20 00:00:00.000,dataentry,1899-12-30 16:00:54.000
2017-02-20 00:00:00.000,dataentry,1899-12-30 16:09:33.000
2017-02-20 00:00:00.000,dataentry,1899-12-30 16:37:40.000
2017-02-20 00:00:00.000,dataentry,1899-12-30 16:39:20.000
2017-02-20 00:00:00.000,dataentry,1899-12-30 16:45:03.000
2017-02-20 00:00:00.000,dataentry,1899-12-30 16:45:03.000
2017-02-20 00:00:00.000,dataentry,1899-12-30 17:11:24.000
2017-02-20 00:00:00.000,dataentry,1899-12-30 17:11:24.000
2017-02-20 00:00:00.000,dataentry,1899-12-30 22:30:44.000
2017-02-20 00:00:00.000,dataentry,1899-12-30 23:14:07.000
2017-02-20 00:00:00.000,dataentry,1899-12-30 23:21:53.000
2017-02-20 00:00:00.000,dataentry,1899-12-30 23:28:03.000
2017-02-21 00:00:00.000,dataentry,1899-12-30 23:28:03.000
2017-02-21 00:00:00.000,dataentry,1899-12-30 10:35:50.000
2017-02-21 00:00:00.000,dataentry,1899-12-30 10:47:17.000
2017-02-21 00:00:00.000,dataentry,1899-12-30 10:47:17.000
2017-02-21 00:00:00.000,dataentry,1899-12-30 13:00:52.000
2017-02-21 00:00:00.000,dataentry,1899-12-30 13:00:52.000
2017-02-21 00:00:00.000,dataentry,1899-12-30 15:37:48.000
2017-02-21 00:00:00.000,dataentry,1899-12-30 15:53:54.000
2017-02-21 00:00:00.000,dataentry,1899-12-30 16:45:01.000
2017-02-21 00:00:00.000,dataentry,1899-12-30 16:45:01.000
2017-02-21 00:00:00.000,dataentry,1899-12-30 16:58:22.000
2017-02-21 00:00:00.000,dataentry,1899-12-30 17:01:18.000
2017-02-21 00:00:00.000,dataentry,1899-12-30 17:01:18.000
2017-02-21 00:00:00.000,dataentry,1899-12-30 17:03:04.000
2017-02-21 00:00:00.000,dataentry,1899-12-30 17:03:04.000
2017-02-22 00:00:00.000,dataentry,1899-12-30 10:11:00.000
2017-02-22 00:00:00.000,dataentry,1899-12-30 10:11:00.000
2017-02-22 00:00:00.000,dataentry,1899-12-30 12:20:59.000
2017-02-28 00:00:00.000,dataentry,1899-12-30 13:07:30.000
2017-02-28 00:00:00.000,dataentry,1899-12-30 13:07:30.000
2017-02-28 00:00:00.000,dataentry,1899-12-30 13:28:07.000
2017-02-28 00:00:00.000,dataentry,1899-12-30 13:28:07.000
2017-03-01 00:00:00.000,dataentry,1899-12-30 09:08:41.000
2017-03-01 00:00:00.000,dataentry,1899-12-30 09:08:41.000
2017-03-01 00:00:00.000,dataentry,1899-12-30 11:10:46.000
2017-03-01 00:00:00.000,dataentry,1899-12-30 12:48:25.000
2017-03-01 00:00:00.000,dataentry,1899-12-30 12:48:25.000
2017-03-01 00:00:00.000,dataentry,1899-12-30 16:23:08.000
2017-03-01 00:00:00.000,dataentry,1899-12-30 16:23:08.000
2017-03-01 00:00:00.000,dataentry,1899-12-30 16:26:57.000
2017-03-01 00:00:00.000,dataentry,1899-12-30 16:26:57.000
2017-03-02 00:00:00.000,dataentry,1899-12-30 10:28:29.000
2017-03-02 00:00:00.000,supervisor,1899-12-30 13:00:48.000
2017-03-02 00:00:00.000,SUPERVISOR,1899-12-30 15:13:22.000
2017-03-02 00:00:00.000,dataentry,1899-12-30 10:28:29.000
2017-03-02 00:00:00.000,SUPERVISOR,1899-12-30 15:13:22.000
2017-03-03 00:00:00.000,dataentry,1899-12-30 08:55:20.000
2017-03-03 00:00:00.000,SUPERVISOR,1899-12-30 08:58:40.000
2017-03-03 00:00:00.000,dataentry,1899-12-30 09:25:11.000
2017-03-03 00:00:00.000,supervisor,1899-12-30 09:26:28.000
2017-03-03 00:00:00.000,supervisor,1899-12-30 10:32:32.000
2017-03-03 00:00:00.000,supervisor,1899-12-30 10:43:35.000
2017-03-03 00:00:00.000,SUPERVISOR,1899-12-30 12:46:30.000
2017-03-03 00:00:00.000,SUPERVISOR,1899-12-30 08:58:40.000
2017-03-03 00:00:00.000,SUPERVISOR,1899-12-30 15:01:13.000
2017-03-03 00:00:00.000,SUPERVISOR,1899-12-30 15:01:13.000
2017-03-03 00:00:00.000,dataentry,1899-12-30 18:12:32.000
2017-03-03 00:00:00.000,SUPERVISOR,1899-12-30 18:17:07.000
2017-03-03 00:00:00.000,dataentry,1899-12-30 18:12:32.000
2017-03-03 00:00:00.000,SUPERVISOR,1899-12-30 18:17:07.000
2017-03-04 00:00:00.000,dataentry,1899-12-30 12:25:21.000
2017-03-04 00:00:00.000,SUPERVISOR,1899-12-30 13:04:55.000
2017-03-04 00:00:00.000,dataentry,1899-12-30 12:25:21.000
2017-03-04 00:00:00.000,SUPERVISOR,1899-12-30 13:04:55.000
2016-12-21 00:00:00.000,dataentry,1899-12-30 15:23:12.000
2016-12-21 00:00:00.000,dataentry,1899-12-30 15:23:12.000
2017-03-04 00:00:00.000,dataentry,1899-12-30 15:26:26.000
2017-03-04 00:00:00.000,SUPERVISOR,1899-12-30 15:29:48.000
2017-03-04 00:00:00.000,dataentry,1899-12-30 15:26:26.000
2017-03-04 00:00:00.000,dataentry,1899-12-30 18:05:30.000
2017-03-04 00:00:00.000,SUPERVISOR,1899-12-30 18:21:53.000
2017-03-04 00:00:00.000,dataentry,1899-12-30 18:05:30.000
2017-03-04 00:00:00.000,SUPERVISOR,1899-12-30 18:21:53.000
2017-03-05 00:00:00.000,dataentry,1899-12-30 11:18:18.000
2017-03-05 00:00:00.000,SUPERVISOR,1899-12-30 11:25:51.000
2017-03-05 00:00:00.000,dataentry,1899-12-30 11:18:18.000
2017-03-05 00:00:00.000,SUPERVISOR,1899-12-30 11:25:51.000
2017-03-06 00:00:00.000,dataentry,1899-12-30 09:32:41.000
2017-03-06 00:00:00.000,dataentry,1899-12-30 09:40:55.000
2017-03-06 00:00:00.000,supervisor,1899-12-30 10:04:31.000
2017-03-06 00:00:00.000,SUPERVISOR,1899-12-30 16:16:14.000
2017-03-06 00:00:00.000,dataentry,1899-12-30 09:40:55.000
2017-03-06 00:00:00.000,SUPERVISOR,1899-12-30 16:16:14.000
2017-03-07 00:00:00.000,dataentry,1899-12-30 10:32:17.000
2017-03-07 00:00:00.000,dataentry,1899-12-30 10:32:17.000
2017-03-08 00:00:00.000,dataentry,1899-12-30 10:17:48.000
2017-03-08 00:00:00.000,dataentry,1899-12-30 10:17:48.000
2017-03-09 00:00:00.000,dataentry,1899-12-30 11:50:43.000
2017-03-09 00:00:00.000,supervisor,1899-12-30 13:25:33.000
2017-03-09 00:00:00.000,supervisor,1899-12-30 13:25:33.000
2017-03-09 00:00:00.000,dataentry,1899-12-30 13:26:47.000
2017-03-09 00:00:00.000,dataentry,1899-12-30 13:26:47.000
2017-03-09 00:00:00.000,dataentry,1899-12-30 13:34:13.000
2017-03-09 00:00:00.000,dataentry,1899-12-30 13:34:13.000
2017-03-09 00:00:00.000,SUPERVISOR,1899-12-30 13:50:05.000
2017-03-09 00:00:00.000,SUPERVISOR,1899-12-30 13:50:05.000
2017-03-09 00:00:00.000,dataentry,1899-12-30 13:50:23.000
2017-03-09 00:00:00.000,dataentry,1899-12-30 13:50:23.000
2017-03-13 00:00:00.000,dataentry,1899-12-30 10:11:05.000
2017-03-13 00:00:00.000,dataentry,1899-12-30 10:11:05.000
2017-03-13 00:00:00.000,dataentry,1899-12-30 11:00:39.000
2017-03-13 00:00:00.000,dataentry,1899-12-30 11:00:39.000
2017-03-13 00:00:00.000,dataentry,1899-12-30 15:54:57.000
2017-03-13 00:00:00.000,dataentry,1899-12-30 15:54:57.000
2017-03-14 00:00:00.000,dataentry,1899-12-30 10:23:52.000
2017-03-14 00:00:00.000,supervisor,1899-12-30 10:30:59.000
2017-03-14 00:00:00.000,supervisor,1899-12-30 10:30:59.000
2017-03-14 00:00:00.000,dataentry,1899-12-30 10:23:52.000
2017-03-15 00:00:00.000,dataentry,1899-12-30 10:36:05.000
2017-03-15 00:00:00.000,dataentry,1899-12-30 10:36:05.000
2017-03-16 00:00:00.000,dataentry,1899-12-30 12:40:16.000
2017-03-16 00:00:00.000,dataentry,1899-12-30 12:40:16.000
2017-03-16 00:00:00.000,dataentry,1899-12-30 13:30:12.000
2017-03-16 00:00:00.000,dataentry,1899-12-30 13:30:12.000
2017-03-16 00:00:00.000,dataentry,1899-12-30 14:35:56.000
2017-03-16 00:00:00.000,dataentry,1899-12-30 14:35:56.000
2017-03-17 00:00:00.000,dataentry,1899-12-30 11:15:54.000
2017-03-17 00:00:00.000,dataentry,1899-12-30 11:15:54.000
2017-03-20 00:00:00.000,dataentry,1899-12-30 12:33:01.000
2017-03-20 00:00:00.000,dataentry,1899-12-30 12:33:01.000
2017-03-20 00:00:00.000,dataentry,1899-12-30 13:10:53.000
2017-03-20 00:00:00.000,dataentry,1899-12-30 13:10:53.000
2017-03-21 00:00:00.000,dataentry,1899-12-30 13:03:10.000
2017-03-21 00:00:00.000,dataentry,1899-12-30 13:03:10.000
2017-03-22 00:00:00.000,dataentry,1899-12-30 13:09:55.000
2017-03-22 00:00:00.000,SUPERVISOR,1899-12-30 13:58:56.000
2017-03-22 00:00:00.000,SUPERVISOR,1899-12-30 13:58:56.000
2017-03-22 00:00:00.000,dataentry,1899-12-30 13:09:55.000
2017-03-23 00:00:00.000,dataentry,1899-12-30 10:01:59.000
2017-03-23 00:00:00.000,dataentry,1899-12-30 10:01:59.000
2017-03-27 00:00:00.000,dataentry,1899-12-30 09:51:55.000
2017-03-27 00:00:00.000,dataentry,1899-12-30 09:51:55.000
2017-03-30 00:00:00.000,dataentry,1899-12-30 11:58:56.000
2017-03-30 00:00:00.000,dataentry,1899-12-30 11:58:56.000
2017-04-04 00:00:00.000,dataentry,1899-12-30 12:43:15.000
2017-04-04 00:00:00.000,dataentry,1899-12-30 12:43:15.000
2017-04-06 00:00:00.000,dataentry,1899-12-30 15:58:36.000
2017-04-06 00:00:00.000,dataentry,1899-12-30 15:58:36.000
2017-04-07 00:00:00.000,dataentry,1899-12-30 12:56:26.000
2017-04-26 00:00:00.000,dataentry,1899-12-30 14:17:52.000
2017-04-26 00:00:00.000,dataentry,1899-12-30 14:17:52.000
2017-06-01 00:00:00.000,dataentry,1899-12-30 13:40:32.000
2017-07-19 00:00:00.000,dataentry,1899-12-30 12:13:51.000
2017-09-14 00:00:00.000,dataentry,1899-12-30 11:22:45.000
2017-09-14 00:00:00.000,dataentry,1899-12-30 12:10:06.000
2017-09-14 00:00:00.000,supervisor,1899-12-30 13:10:16.000
2017-09-14 00:00:00.000,dataentry,1899-12-30 12:10:06.000
2017-09-14 00:00:00.000,supervisor,1899-12-30 13:10:16.000
2017-09-18 00:00:00.000,dataentry,1899-12-30 15:21:41.000
2017-09-18 00:00:00.000,dataentry,1899-12-30 15:49:26.000
2017-09-18 00:00:00.000,dataentry,1899-12-30 15:58:14.000
2017-09-18 00:00:00.000,dataentry,1899-12-30 16:23:55.000
2017-09-18 00:00:00.000,dataentry,1899-12-30 17:08:40.000
2017-09-25 00:00:00.000,dataentry,1899-12-30 10:10:49.000
2017-09-25 00:00:00.000,dataentry,1899-12-30 10:10:49.000
2017-09-25 00:00:00.000,SUPERVISOR,1899-12-30 12:56:50.000
2017-09-25 00:00:00.000,SUPERVISOR,1899-12-30 12:56:50.000
2017-09-25 00:00:00.000,dataentry,1899-12-30 13:01:10.000
2017-09-25 00:00:00.000,dataentry,1899-12-30 13:01:10.000
2017-09-25 00:00:00.000,SUPERVISOR,1899-12-30 13:07:09.000
2017-09-25 00:00:00.000,SUPERVISOR,1899-12-30 13:07:09.000
2017-09-25 00:00:00.000,dataentry,1899-12-30 13:07:34.000
2017-09-25 00:00:00.000,dataentry,1899-12-30 13:07:34.000
2017-09-25 00:00:00.000,dataentry,1899-12-30 13:14:01.000
2017-09-25 00:00:00.000,dataentry,1899-12-30 13:14:19.000
2017-09-25 00:00:00.000,dataentry,1899-12-30 13:20:37.000
2017-09-25 00:00:00.000,dataentry,1899-12-30 13:27:14.000
2017-09-25 00:00:00.000,dataentry,1899-12-30 13:27:40.000
2017-09-25 00:00:00.000,dataentry,1899-12-30 13:39:13.000
2017-09-27 00:00:00.000,dataentry,1899-12-30 13:46:55.000
2017-09-27 00:00:00.000,SUPERVISOR,1899-12-30 13:55:43.000
2017-09-27 00:00:00.000,SUPERVISOR,1899-12-30 13:55:43.000
2017-10-02 00:00:00.000,dataentry,1899-12-30 11:45:26.000
2017-10-05 00:00:00.000,dataentry,1899-12-30 14:43:29.000
2018-01-25 00:00:00.000,dataentry,1899-12-30 11:46:25.000
2018-01-25 00:00:00.000,dataentry,1899-12-30 16:11:54.000
2018-01-25 00:00:00.000,dataentry,1899-12-30 16:11:54.000
2018-01-25 00:00:00.000,dataentry,1899-12-30 16:13:40.000
2018-01-25 00:00:00.000,dataentry,1899-12-30 16:18:42.000
2017-12-01 00:00:00.000,dataentry,1899-12-30 10:33:06.000
2017-12-01 00:00:00.000,dataentry,1899-12-30 10:33:06.000
2017-12-01 00:00:00.000,dataentry,1899-12-30 12:01:54.000
2017-12-01 00:00:00.000,supervisor,1899-12-30 12:21:02.000
2017-12-01 00:00:00.000,supervisor,1899-12-30 12:21:02.000
2017-12-01 00:00:00.000,dataentry,1899-12-30 12:24:14.000
2017-12-01 00:00:00.000,dataentry,1899-12-30 12:24:14.000
2017-12-02 00:00:00.000,dataentry,1899-12-30 10:05:29.000
2018-02-02 00:00:00.000,dataentry,1899-12-30 17:03:26.000
2018-02-02 00:00:00.000,dataentry,1899-12-30 17:03:26.000
2017-11-01 00:00:00.000,dataentry,1899-12-30 17:04:09.000
2017-11-01 00:00:00.000,dataentry,1899-12-30 17:04:09.000
2017-12-30 00:00:00.000,dataentry,1899-12-30 17:07:01.000
2017-12-31 00:00:00.000,dataentry,1899-12-30 17:07:01.000
2017-12-31 00:00:00.000,dataentry,1899-12-30 10:58:15.000
2017-12-31 00:00:00.000,SUPERVISOR,1899-12-30 14:08:46.000
2017-12-31 00:00:00.000,SUPERVISOR,1899-12-30 14:08:46.000
2017-12-31 00:00:00.000,dataentry,1899-12-30 10:58:15.000
2017-12-31 00:00:00.000,dataentry,1899-12-30 20:36:35.000
2018-01-01 00:00:00.000,dataentry,1899-12-30 20:36:35.000
2017-12-29 00:00:00.000,dataentry,1899-12-30 00:13:54.000
2017-12-29 00:00:00.000,dataentry,1899-12-30 00:13:54.000
2017-12-29 00:00:00.000,dataentry,1899-12-30 15:03:37.000
2017-12-29 00:00:00.000,dataentry,1899-12-30 21:17:22.000
2017-12-29 00:00:00.000,dataentry,1899-12-30 21:17:22.000
2017-12-29 00:00:00.000,supervisor,1899-12-30 21:17:50.000
2017-12-29 00:00:00.000,supervisor,1899-12-30 21:17:50.000
2017-12-29 00:00:00.000,dataentry,1899-12-30 15:03:37.000
2017-12-29 00:00:00.000,dataentry,1899-12-30 22:52:14.000
2017-12-30 00:00:00.000,dataentry,1899-12-30 22:52:14.000
2017-12-30 00:00:00.000,dataentry,1899-12-30 22:28:54.000
2017-12-30 00:00:00.000,dataentry,1899-12-30 22:28:54.000
2017-12-29 00:00:00.000,dataentry,1899-12-30 10:43:56.000
2017-12-29 00:00:00.000,dataentry,1899-12-30 10:43:56.000
2017-12-28 00:00:00.000,dataentry,1899-12-30 15:44:09.000
2017-12-28 00:00:00.000,dataentry,1899-12-30 15:44:09.000
2017-12-28 00:00:00.000,supervisor,1899-12-30 18:02:41.000
2017-12-28 00:00:00.000,supervisor,1899-12-30 18:02:41.000
2017-12-30 00:00:00.000,dataentry,1899-12-30 10:40:46.000
2017-12-27 00:00:00.000,dataentry,1899-12-30 09:22:28.000
2017-12-27 00:00:00.000,dataentry,1899-12-30 11:03:20.000
2017-12-27 00:00:00.000,dataentry,1899-12-30 13:59:34.000
2017-12-27 00:00:00.000,dataentry,1899-12-30 14:13:10.000
2017-12-27 00:00:00.000,dataentry,1899-12-30 15:29:50.000
2017-12-27 00:00:00.000,dataentry,1899-12-30 15:29:50.000
2017-12-28 00:00:00.000,dataentry,1899-12-30 13:26:33.000
2017-12-28 00:00:00.000,dataentry,1899-12-30 13:26:33.000
2017-12-28 00:00:00.000,dataentry,1899-12-30 14:41:27.000
2018-02-13 00:00:00.000,dataentry,1899-12-30 14:41:27.000
2017-12-28 00:00:00.000,dataentry,1899-12-30 10:34:24.000
2018-02-14 00:00:00.000,dataentry,1899-12-30 10:34:24.000
2017-12-28 00:00:00.000,dataentry,1899-12-30 12:48:30.000
2017-12-28 00:00:00.000,dataentry,1899-12-30 12:48:30.000
2017-12-28 00:00:00.000,dataentry,1899-12-30 15:12:03.000
2017-12-28 00:00:00.000,dataentry,1899-12-30 15:12:03.000
2017-12-27 00:00:00.000,dataentry,1899-12-30 12:14:15.000
2017-12-27 00:00:00.000,supervisor,1899-12-30 21:52:36.000
2017-12-27 00:00:00.000,supervisor,1899-12-30 21:52:36.000
2017-12-27 00:00:00.000,dataentry,1899-12-30 12:14:15.000
2017-12-28 00:00:00.000,dataentry,1899-12-30 10:29:11.000
2017-12-28 00:00:00.000,dataentry,1899-12-30 11:03:40.000
2017-12-29 00:00:00.000,dataentry,1899-12-30 10:01:47.000
2017-12-29 00:00:00.000,dataentry,1899-12-30 15:51:12.000
2017-12-29 00:00:00.000,dataentry,1899-12-30 15:51:12.000
2017-12-30 00:00:00.000,dataentry    ,1899-12-30 09:45:16.000
2017-12-30 00:00:00.000,dataentry,1899-12-30 10:40:52.000
2017-12-30 00:00:00.000,supervisor,1899-12-30 11:33:35.000
2017-12-30 00:00:00.000,supervisor,1899-12-30 11:33:35.000
2017-12-30 00:00:00.000,dataentry,1899-12-30 10:40:52.000
2017-12-30 00:00:00.000,dataentry,1899-12-30 11:35:37.000
2017-12-30 00:00:00.000,supervisor,1899-12-30 11:37:28.000
2017-12-30 00:00:00.000,supervisor,1899-12-30 11:37:28.000
2017-12-30 00:00:00.000,dataentry,1899-12-30 11:58:23.000
2017-12-30 00:00:00.000,dataentry,1899-12-30 15:02:38.000
2017-12-30 00:00:00.000,supervisor,1899-12-30 15:03:39.000
2017-12-30 00:00:00.000,supervisor,1899-12-30 15:03:39.000
2017-12-30 00:00:00.000,dataentry,1899-12-30 11:58:23.000
2017-12-30 00:00:00.000,supervisor,1899-12-30 15:04:37.000
2017-12-30 00:00:00.000,supervisor,1899-12-30 15:04:37.000
2017-12-30 00:00:00.000,dataentry,1899-12-30 15:05:58.000
2017-12-30 00:00:00.000,dataentry,1899-12-30 15:05:58.000
2017-12-31 00:00:00.000,dataentry,1899-12-30 08:32:45.000
2017-12-25 00:00:00.000,dataentry,1899-12-30 18:35:54.000
2017-12-25 00:00:00.000,dataentry,1899-12-30 18:35:54.000
2017-12-26 00:00:00.000,dataentry,1899-12-30 13:15:33.000
2017-12-26 00:00:00.000,dataentry,1899-12-30 16:46:16.000
2017-12-26 00:00:00.000,dataentry,1899-12-30 16:46:16.000
2017-12-29 00:00:00.000,dataentry,1899-12-30 09:56:48.000
2017-12-29 00:00:00.000,dataentry,1899-12-30 09:56:48.000
2017-12-30 00:00:00.000,dataentry,1899-12-30 09:20:15.000
2017-12-30 00:00:00.000,dataentry,1899-12-30 10:38:42.000
2017-12-30 00:00:00.000,dataentry,1899-12-30 10:38:42.000
2017-12-28 00:00:00.000,dataentry,1899-12-30 12:26:35.000
2017-12-28 00:00:00.000,dataentry,1899-12-30 12:26:35.000
2017-12-27 00:00:00.000,dataentry,1899-12-30 15:30:11.000
2017-12-27 00:00:00.000,dataentry,1899-12-30 15:30:11.000
2017-12-30 00:00:00.000,dataentry,1899-12-30 12:02:44.000
2017-12-30 00:00:00.000,dataentry,1899-12-30 19:03:44.000
2017-12-30 00:00:00.000,dataentry,1899-12-30 19:03:44.000
2017-12-31 00:00:00.000,dataentry,1899-12-30 09:11:35.000
2017-12-31 00:00:00.000,dataentry,1899-12-30 09:11:35.000
2017-12-31 00:00:00.000,dataentry,1899-12-30 15:31:08.000
2017-12-31 00:00:00.000,dataentry,1899-12-30 15:31:08.000
2018-01-02 00:00:00.000,dataentry,1899-12-30 09:55:45.000
2017-12-27 00:00:00.000,dataentry,1899-12-30 09:55:45.000
2017-12-27 00:00:00.000,dataentry,1899-12-30 09:57:44.000
2017-12-27 00:00:00.000,dataentry,1899-12-30 11:49:19.000
2017-12-27 00:00:00.000,dataentry,1899-12-30 11:49:19.000
2017-12-27 00:00:00.000,dataentry,1899-12-30 12:47:14.000
2017-12-27 00:00:00.000,dataentry,1899-12-30 12:47:14.000
2017-12-27 00:00:00.000,supervisor,1899-12-30 16:56:14.000
2017-12-27 00:00:00.000,supervisor,1899-12-30 16:56:14.000
2017-12-28 00:00:00.000,supervisor,1899-12-30 09:01:45.000
2017-12-28 00:00:00.000,dataentry,1899-12-30 09:05:55.000
2017-12-28 00:00:00.000,dataentry,1899-12-30 09:05:55.000
2017-12-28 00:00:00.000,supervisor,1899-12-30 09:01:45.000
2017-12-28 00:00:00.000,supervisor,1899-12-30 09:07:29.000
2017-12-28 00:00:00.000,supervisor,1899-12-30 09:07:29.000
2017-12-28 00:00:00.000,dataentry,1899-12-30 09:55:38.000
2017-12-28 00:00:00.000,supervisor,1899-12-30 10:07:02.000
2017-12-28 00:00:00.000,supervisor,1899-12-30 10:07:02.000
2017-12-28 00:00:00.000,dataentry,1899-12-30 09:55:38.000
2017-12-28 00:00:00.000,dataentry,1899-12-30 10:07:59.000
2017-12-28 00:00:00.000,dataentry,1899-12-30 10:07:59.000
2017-12-28 00:00:00.000,supervisor,1899-12-30 10:09:43.000
2017-12-28 00:00:00.000,supervisor,1899-12-30 10:09:43.000
2017-12-28 00:00:00.000,dataentry,1899-12-30 10:10:17.000
2017-12-28 00:00:00.000,dataentry,1899-12-30 10:10:17.000
2017-12-28 00:00:00.000,supervisor,1899-12-30 10:37:43.000
2017-12-28 00:00:00.000,supervisor,1899-12-30 10:37:43.000
2017-12-28 00:00:00.000,dataentry,1899-12-30 10:38:25.000
2017-12-28 00:00:00.000,dataentry,1899-12-30 10:38:25.000
2017-12-29 00:00:00.000,dataentry,1899-12-30 09:19:50.000
2017-12-29 00:00:00.000,dataentry,1899-12-30 09:19:50.000
2017-12-27 00:00:00.000,dataentry,1899-12-30 23:32:15.000
2017-12-28 00:00:00.000,dataentry,1899-12-30 23:32:15.000
2017-12-28 00:00:00.000,supervisor,1899-12-30 00:29:54.000
2017-12-28 00:00:00.000,supervisor,1899-12-30 00:29:54.000
2017-12-28 00:00:00.000,dataentry,1899-12-30 00:31:01.000
2017-12-28 00:00:00.000,dataentry,1899-12-30 00:31:01.000
2017-12-28 00:00:00.000,dataentry,1899-12-30 11:09:00.000
2017-12-28 00:00:00.000,dataentry,1899-12-30 14:28:06.000
2017-12-28 00:00:00.000,dataentry,1899-12-30 14:28:06.000
2017-12-28 00:00:00.000,dataentry,1899-12-30 22:06:33.000
2017-12-29 00:00:00.000,dataentry,1899-12-30 22:06:33.000
2017-12-29 00:00:00.000,dataentry,1899-12-30 12:33:36.000
2017-12-29 00:00:00.000,dataentry,1899-12-30 12:33:36.000
2017-12-30 00:00:00.000,dataentry,1899-12-30 09:21:16.000
2017-12-30 00:00:00.000,dataentry,1899-12-30 09:21:16.000
2017-12-31 00:00:00.000,dataentry,1899-12-30 12:32:24.000
2017-12-31 00:00:00.000,dataentry,1899-12-30 12:32:24.000
2017-12-31 00:00:00.000,supervisor,1899-12-30 15:23:48.000
2017-12-31 00:00:00.000,supervisor,1899-12-30 15:23:48.000
2017-12-31 00:00:00.000,dataentry,1899-12-30 15:24:42.000
2017-12-31 00:00:00.000,dataentry,1899-12-30 15:24:42.000
2017-12-28 00:00:00.000,dataentry,1899-12-30 10:26:31.000
2017-12-28 00:00:00.000,dataentry    ,1899-12-30 12:03:01.000
2017-12-28 00:00:00.000,dataentry    ,1899-12-30 12:03:01.000
2017-12-28 00:00:00.000,supervisor,1899-12-30 13:04:36.000
2017-12-28 00:00:00.000,supervisor,1899-12-30 13:04:36.000
2017-12-28 00:00:00.000,dataentry,1899-12-30 13:05:20.000
2017-12-28 00:00:00.000,dataentry,1899-12-30 15:57:12.000
2017-12-28 00:00:00.000,dataentry,1899-12-30 15:57:12.000
2017-12-30 00:00:00.000,dataentry,1899-12-30 09:57:54.000
2017-12-30 00:00:00.000,dataentry,1899-12-30 09:57:54.000
2017-12-30 00:00:00.000,dataentry,1899-12-30 12:18:05.000
2017-12-30 00:00:00.000,dataentry,1899-12-30 12:18:05.000
2017-12-30 00:00:00.000,dataentry,1899-12-30 12:47:11.000
2017-12-30 00:00:00.000,dataentry,1899-12-30 12:47:11.000
2017-12-30 00:00:00.000,dataentry,1899-12-30 22:42:33.000
2017-12-31 00:00:00.000,dataentry,1899-12-30 11:58:57.000
2017-12-31 00:00:00.000,dataentry,1899-12-30 11:58:57.000
2017-12-28 00:00:00.000,dataentry,1899-12-30 13:33:03.000
2017-12-28 00:00:00.000,dataentry,1899-12-30 13:33:03.000
2017-12-28 00:00:00.000,SUPERVISOR,1899-12-30 15:46:10.000
2017-12-28 00:00:00.000,SUPERVISOR,1899-12-30 15:46:10.000
2017-12-28 00:00:00.000,dataentry,1899-12-30 15:46:50.000
2017-12-28 00:00:00.000,dataentry,1899-12-30 15:46:50.000
2017-12-28 00:00:00.000,SUPERVISOR,1899-12-30 19:28:35.000
2017-12-28 00:00:00.000,SUPERVISOR,1899-12-30 19:28:35.000
2017-12-28 00:00:00.000,dataentry,1899-12-30 19:29:30.000
2017-12-28 00:00:00.000,dataentry,1899-12-30 19:29:30.000
2017-12-29 00:00:00.000,dataentry,1899-12-30 08:53:04.000
2017-12-29 00:00:00.000,dataentry,1899-12-30 08:53:04.000
2017-12-29 00:00:00.000,supervisor,1899-12-30 09:01:12.000
2017-12-29 00:00:00.000,supervisor,1899-12-30 09:01:12.000
2017-12-29 00:00:00.000,dataentry,1899-12-30 09:02:08.000
2017-12-29 00:00:00.000,dataentry,1899-12-30 09:02:08.000
2017-12-29 00:00:00.000,supervisor,1899-12-30 10:03:25.000
2017-12-29 00:00:00.000,dataentry,1899-12-30 14:42:22.000
2017-12-29 00:00:00.000,dataentry,1899-12-30 14:42:22.000
2017-12-29 00:00:00.000,supervisor,1899-12-30 14:42:37.000
2017-12-29 00:00:00.000,dataentry,1899-12-30 15:37:35.000
2017-12-29 00:00:00.000,dataentry,1899-12-30 15:37:35.000
2017-12-29 00:00:00.000,dataentry,1899-12-30 16:30:20.000
2017-12-29 00:00:00.000,dataentry,1899-12-30 16:30:20.000
2017-12-30 00:00:00.000,dataentry,1899-12-30 09:12:56.000
2017-12-30 00:00:00.000,dataentry,1899-12-30 09:12:56.000
2017-12-30 00:00:00.000,dataentry,1899-12-30 11:50:43.000
2017-12-30 00:00:00.000,dataentry,1899-12-30 11:50:43.000
2017-12-30 00:00:00.000,supervisor,1899-12-30 16:05:05.000
2017-12-30 00:00:00.000,supervisor,1899-12-30 16:05:05.000
2017-12-30 00:00:00.000,dataentry,1899-12-30 16:05:51.000
2017-12-30 00:00:00.000,dataentry,1899-12-30 16:05:51.000
2017-12-31 00:00:00.000,dataentry,1899-12-30 12:34:10.000
2017-12-31 00:00:00.000,dataentry,1899-12-30 12:34:10.000
2018-01-01 00:00:00.000,dataentry,1899-12-30 09:07:34.000
2018-01-01 00:00:00.000,dataentry,1899-12-30 09:07:34.000
2017-12-28 00:00:00.000,dataentry,1899-12-30 09:43:54.000
2017-12-28 00:00:00.000,dataentry,1899-12-30 09:43:54.000
2017-12-29 00:00:00.000,dataentry,1899-12-30 09:23:16.000
2017-12-29 00:00:00.000,dataentry,1899-12-30 09:23:16.000
2017-12-29 00:00:00.000,supervisor,1899-12-30 13:02:21.000
2017-12-29 00:00:00.000,supervisor,1899-12-30 13:02:21.000
2017-12-29 00:00:00.000,dataentry,1899-12-30 13:03:00.000
2017-12-29 00:00:00.000,dataentry,1899-12-30 13:03:00.000
2017-12-30 00:00:00.000,dataentry,1899-12-30 11:26:17.000
2017-12-30 00:00:00.000,dataentry,1899-12-30 11:26:17.000
2017-12-30 00:00:00.000,dataentry,1899-12-30 17:43:02.000
2017-12-30 00:00:00.000,dataentry,1899-12-30 17:43:02.000
2017-12-30 00:00:00.000,supervisor,1899-12-30 21:52:21.000
2017-12-30 00:00:00.000,supervisor,1899-12-30 21:52:21.000
2017-12-31 00:00:00.000,dataentry,1899-12-30 09:57:29.000
2017-12-31 00:00:00.000,dataentry,1899-12-30 09:57:29.000
2017-12-31 00:00:00.000,supervisor,1899-12-30 09:58:16.000
2017-12-31 00:00:00.000,dataentry,1899-12-30 10:24:29.000
2017-12-31 00:00:00.000,dataentry,1899-12-30 10:24:29.000
2017-12-31 00:00:00.000,dataentry,1899-12-30 08:59:52.000
2017-12-31 00:00:00.000,dataentry,1899-12-30 08:59:52.000
2018-04-10 00:00:00.000,DATAENTRY,1899-12-30 14:18:14.000
2018-04-10 00:00:00.000,supervisor,1899-12-30 16:39:42.000
2018-04-10 00:00:00.000,supervisor,1899-12-30 16:39:42.000
2018-04-10 00:00:00.000,supervisor,1899-12-30 16:44:36.000
2018-04-10 00:00:00.000,supervisor,1899-12-30 17:04:52.000
2018-04-10 00:00:00.000,supervisor,1899-12-30 17:04:52.000
2018-04-10 00:00:00.000,supervisor,1899-12-30 17:20:02.000
2018-04-10 00:00:00.000,supervisor,1899-12-30 17:20:02.000
2018-04-10 00:00:00.000,supervisor,1899-12-30 17:20:41.000
2018-04-10 00:00:00.000,supervisor,1899-12-30 17:20:41.000
2018-04-10 00:00:00.000,dataentry,1899-12-30 17:23:00.000
2018-04-10 00:00:00.000,dataentry,1899-12-30 17:23:00.000
2018-04-10 00:00:00.000,dataentry,1899-12-30 16:30:03.000
2018-04-10 00:00:00.000,dataentry,1899-12-30 16:30:03.000
2018-04-12 00:00:00.000,dataentry,1899-12-30 14:59:08.000
2018-04-12 00:00:00.000,dataentry,1899-12-30 14:59:08.000
2018-04-12 00:00:00.000,dataentry,1899-12-30 15:03:14.000
2018-04-12 00:00:00.000,dataentry,1899-12-30 15:03:14.000
2018-04-12 00:00:00.000,dataentry,1899-12-30 15:05:07.000
2018-04-12 00:00:00.000,dataentry,1899-12-30 15:05:07.000
2018-05-10 00:00:00.000,supervisor,1899-12-30 18:48:51.000
2018-05-10 00:00:00.000,supervisor,1899-12-30 18:48:51.000
2018-05-10 00:00:00.000,supervisor,1899-12-30 20:05:31.000
2018-05-10 00:00:00.000,supervisor,1899-12-30 20:14:27.000
2018-05-10 00:00:00.000,supervisor,1899-12-30 20:14:27.000
